COL1_RESSOURCE;IDENTIFIANT;ACTIVITE;TPS1;TPS2;TPS3;TPS4;DATE_DEBUT;DATE_FIN;COULEUR;CHAMP_LIBRE;PRODUCT_REF;CUSTOMER_REF;ORDER_REF;PREDECESSEURS;DATE_CIBLE;QUANTITE;LOCK;LOCKDATE;ASSIGNATION_NAME;CUD;FAMILLE
Bal1;1020809.1;1020809;0;2;0;0;17/02/2022 08:00;17/02/2022 10:00;olive;KY38SCREB.RGE.BRUN;KY38SCREB.RGE.BRUN;;;1020809.0;;14900;;;;;Balances
Disp1;1020809.2;1020809;0;3;0;0;17/02/2022 08:00;17/02/2022 11:00;violet;KY38SCREB.RGE.BRUN;KY38SCREB.RGE.BRUN;;;1020809.1;;14900;;;;;Disperseur
Disp1;1020809.3;1020809;0;3;0;0;17/02/2022 08:00;17/02/2022 11:00;violet;KY38SCREB.RGE.BRUN;KY38SCREB.RGE.BRUN;;;1020809.2;;14900;;;;;Disperseur
Mel1;1020809.4;1020809;0;10;0;0;17/02/2022 08:00;17/02/2022 18:00;lime;KY38SCREB.RGE.BRUN;KY38SCREB.RGE.BRUN;;;1020809.3;;14900;;;;; 
Qual1;1020809.5;1020809;0;1;0;0;17/02/2022 08:00;17/02/2022 09:00;pink;KY38SCREB.RGE.BRUN;KY38SCREB.RGE.BRUN;;;1020809.4;;14900;;;;; 
Tab1;1020809.6;1020809;0;5;0;0;17/02/2022 08:00;17/02/2022 13:00;black;KY38SCREB.RGE.BRUN;KY38SCREB.RGE.BRUN;;;1020809.5;;14900;;;;; 
Qual1;1020809.7;1020809;0;1;0;0;17/02/2022 08:00;17/02/2022 09:00;pink;KY38SCREB.RGE.BRUN;KY38SCREB.RGE.BRUN;;;1020809.6;;14900;;;;; 
Tab1;1020809.8;1020809;0;5;0;0;17/02/2022 08:00;17/02/2022 13:00;blue;KY38SCREB.RGE.BRUN;KY38SCREB.RGE.BRUN;;;1020809.7;27/02/2022;14900;;;;; 
Bal1;1021029.1;1021029;0;2;0;0;14/03/2022 08:00;14/03/2022 10:00;olive;KR39RAL9010;KR39RAL9010;;;1021029.0;;4200;;;;;Balances
Disp1;1021029.2;1021029;0;3;0;0;14/03/2022 08:00;14/03/2022 11:00;violet;KR39RAL9010;KR39RAL9010;;;1021029.1;;4200;;;;;Disperseur
Disp1;1021029.3;1021029;0;3;0;0;14/03/2022 08:00;14/03/2022 11:00;violet;KR39RAL9010;KR39RAL9010;;;1021029.2;;4200;;;;;Disperseur
Mel1;1021029.4;1021029;0;10;0;0;14/03/2022 08:00;14/03/2022 18:00;lime;KR39RAL9010;KR39RAL9010;;;1021029.3;;4200;;;;; 
Qual1;1021029.5;1021029;0;1;0;0;14/03/2022 08:00;14/03/2022 09:00;pink;KR39RAL9010;KR39RAL9010;;;1021029.4;;4200;;;;; 
Tab1;1021029.6;1021029;0;5;0;0;14/03/2022 08:00;14/03/2022 13:00;black;KR39RAL9010;KR39RAL9010;;;1021029.5;;4200;;;;; 
Qual1;1021029.7;1021029;0;1;0;0;14/03/2022 08:00;14/03/2022 09:00;pink;KR39RAL9010;KR39RAL9010;;;1021029.6;;4200;;;;; 
Tab1;1021029.8;1021029;0;5;0;0;14/03/2022 08:00;14/03/2022 13:00;blue;KR39RAL9010;KR39RAL9010;;;1021029.7;29/03/2022;4200;;;;; 
Bal1;1021123.1;1021123;0;2;0;0;21/02/2022 08:00;21/02/2022 10:00;olive;KY38RAL8012;KY38RAL8012;;;1021123.0;;3920;;;;;Balances
Qual1;1021123.2;1021123;0;1;0;0;21/02/2022 08:00;21/02/2022 09:00;pink;KY38RAL8012;KY38RAL8012;;;1021123.1;;3920;;;;; 
Disp1;1021123.3;1021123;0;3;0;0;21/02/2022 08:00;21/02/2022 11:00;violet;KY38RAL8012;KY38RAL8012;;;1021123.2;;3920;;;;;Disperseur
Mel1;1021123.4;1021123;0;10;0;0;21/02/2022 08:00;21/02/2022 18:00;lime;KY38RAL8012;KY38RAL8012;;;1021123.3;;3920;;;;; 
Qual1;1021123.5;1021123;0;1;0;0;21/02/2022 08:00;21/02/2022 09:00;pink;KY38RAL8012;KY38RAL8012;;;1021123.4;;3920;;;;; 
Tab1;1021123.6;1021123;0;5;0;0;21/02/2022 08:00;21/02/2022 13:00;black;KY38RAL8012;KY38RAL8012;;;1021123.5;;3920;;;;; 
Qual1;1021123.7;1021123;0;1;0;0;21/02/2022 08:00;21/02/2022 09:00;pink;KY38RAL8012;KY38RAL8012;;;1021123.6;;3920;;;;; 
Tab1;1021123.8;1021123;0;5;0;0;21/02/2022 08:00;21/02/2022 13:00;blue;KY38RAL8012;KY38RAL8012;;;1021123.7;07/03/2022;3920;;;;; 
Bal1;1021319.1;1021319;0;2;0;0;18/02/2022 08:00;18/02/2022 10:00;olive;CW42BLC;CW42BLC;;;1021319.0;;2400;;;;;Balances
Disp1;1021319.2;1021319;0;3;0;0;18/02/2022 08:00;18/02/2022 11:00;violet;CW42BLC;CW42BLC;;;1021319.1;;2400;;;;;Disperseur
Disp1;1021319.3;1021319;0;3;0;0;18/02/2022 08:00;18/02/2022 11:00;violet;CW42BLC;CW42BLC;;;1021319.2;;2400;;;;;Disperseur
Mel1;1021319.4;1021319;0;10;0;0;18/02/2022 08:00;18/02/2022 18:00;lime;CW42BLC;CW42BLC;;;1021319.3;;2400;;;;; 
Qual1;1021319.5;1021319;0;1;0;0;18/02/2022 08:00;18/02/2022 09:00;pink;CW42BLC;CW42BLC;;;1021319.4;;2400;;;;; 
Tab1;1021319.6;1021319;0;5;0;0;18/02/2022 08:00;18/02/2022 13:00;black;CW42BLC;CW42BLC;;;1021319.5;;2400;;;;; 
Qual1;1021319.7;1021319;0;1;0;0;18/02/2022 08:00;18/02/2022 09:00;pink;CW42BLC;CW42BLC;;;1021319.6;;2400;;;;; 
Tab1;1021319.8;1021319;0;5;0;0;18/02/2022 08:00;18/02/2022 13:00;blue;CW42BLC;CW42BLC;;;1021319.7;17/03/2022;2400;;;;; 
Bal1;1021320.1;1021320;0;2;0;0;18/02/2022 08:00;18/02/2022 10:00;olive;CW42BLC;CW42BLC;;;1021320.0;;2400;;;;;Balances
Disp1;1021320.2;1021320;0;3;0;0;18/02/2022 08:00;18/02/2022 11:00;violet;CW42BLC;CW42BLC;;;1021320.1;;2400;;;;;Disperseur
Disp1;1021320.3;1021320;0;3;0;0;18/02/2022 08:00;18/02/2022 11:00;violet;CW42BLC;CW42BLC;;;1021320.2;;2400;;;;;Disperseur
Mel1;1021320.4;1021320;0;10;0;0;18/02/2022 08:00;18/02/2022 18:00;lime;CW42BLC;CW42BLC;;;1021320.3;;2400;;;;; 
Qual1;1021320.5;1021320;0;1;0;0;18/02/2022 08:00;18/02/2022 09:00;pink;CW42BLC;CW42BLC;;;1021320.4;;2400;;;;; 
Tab1;1021320.6;1021320;0;5;0;0;18/02/2022 08:00;18/02/2022 13:00;black;CW42BLC;CW42BLC;;;1021320.5;;2400;;;;; 
Qual1;1021320.7;1021320;0;1;0;0;18/02/2022 08:00;18/02/2022 09:00;pink;CW42BLC;CW42BLC;;;1021320.6;;2400;;;;; 
Tab1;1021320.8;1021320;0;5;0;0;18/02/2022 08:00;18/02/2022 13:00;blue;CW42BLC;CW42BLC;;;1021320.7;16/03/2022;2400;;;;; 
Bal1;1021346.1;1021346;0;2;0;0;17/02/2022 08:00;17/02/2022 10:00;olive;AK210RAL9016;AK210RAL9016;;;1021346.0;;528;;;;;Balances
Qual1;1021346.2;1021346;0;1;0;0;17/02/2022 08:00;17/02/2022 09:00;pink;AK210RAL9016;AK210RAL9016;;;1021346.1;;528;;;;; 
Tab1;1021346.3;1021346;0;5;0;0;17/02/2022 08:00;17/02/2022 13:00;black;AK210RAL9016;AK210RAL9016;;;1021346.2;;528;;;;; 
Qual1;1021346.4;1021346;0;1;0;0;17/02/2022 08:00;17/02/2022 09:00;pink;AK210RAL9016;AK210RAL9016;;;1021346.3;;528;;;;; 
Tab1;1021346.5;1021346;0;5;0;0;17/02/2022 08:00;17/02/2022 13:00;blue;AK210RAL9016;AK210RAL9016;;;1021346.4;03/03/2022;528;;;;; 
Bal1;1021369.1;1021369;0;2;0;0;04/04/2022 08:00;04/04/2022 10:00;olive;FY32RAL9005;FY32RAL9005;;;1021369.0;;1900;;;;;Balances
Tab1;1021369.10;1021369;0;5;0;0;04/04/2022 08:00;04/04/2022 13:00;blue;FY32RAL9005;FY32RAL9005;;;1021369.9;;1900;;;;; 
Qual1;1021369.2;1021369;0;1;0;0;04/04/2022 08:00;04/04/2022 09:00;pink;FY32RAL9005;FY32RAL9005;;;1021369.1;;1900;;;;; 
Disp1;1021369.3;1021369;0;3;0;0;04/04/2022 08:00;04/04/2022 11:00;violet;FY32RAL9005;FY32RAL9005;;;1021369.2;;1900;;;;;Disperseur
Bus1;1021369.4;1021369;0;2;0;0;04/04/2022 08:00;04/04/2022 10:00;lightpink;FY32RAL9005;FY32RAL9005;;;1021369.3;;1900;;;;; 
Disp1;1021369.5;1021369;0;3;0;0;04/04/2022 08:00;04/04/2022 11:00;violet;FY32RAL9005;FY32RAL9005;;;1021369.4;;1900;;;;;Disperseur
Mel1;1021369.6;1021369;0;10;0;0;04/04/2022 08:00;04/04/2022 18:00;lime;FY32RAL9005;FY32RAL9005;;;1021369.5;;1900;;;;; 
Qual1;1021369.7;1021369;0;1;0;0;04/04/2022 08:00;04/04/2022 09:00;pink;FY32RAL9005;FY32RAL9005;;;1021369.6;;1900;;;;; 
Tab1;1021369.8;1021369;0;5;0;0;04/04/2022 08:00;04/04/2022 13:00;black;FY32RAL9005;FY32RAL9005;;;1021369.7;;1900;;;;; 
Qual1;1021369.9;1021369;0;1;0;0;04/04/2022 08:00;04/04/2022 09:00;pink;FY32RAL9005;FY32RAL9005;;;1021369.8;29/04/2022;1900;;;;; 
Bal1;1021392.1;1021392;0;2;0;0;17/02/2022 08:00;17/02/2022 10:00;olive;KY38BRUN.RGE.OXYDE.3009;KY38BRUN.RGE.OXYDE.3009;;;1021392.0;;14980;;;;;Balances
Disp1;1021392.2;1021392;0;3;0;0;17/02/2022 08:00;17/02/2022 11:00;violet;KY38BRUN.RGE.OXYDE.3009;KY38BRUN.RGE.OXYDE.3009;;;1021392.1;;14980;;;;;Disperseur
Disp1;1021392.3;1021392;0;3;0;0;17/02/2022 08:00;17/02/2022 11:00;violet;KY38BRUN.RGE.OXYDE.3009;KY38BRUN.RGE.OXYDE.3009;;;1021392.2;;14980;;;;;Disperseur
Mel1;1021392.4;1021392;0;10;0;0;17/02/2022 08:00;17/02/2022 18:00;lime;KY38BRUN.RGE.OXYDE.3009;KY38BRUN.RGE.OXYDE.3009;;;1021392.3;;14980;;;;; 
Qual1;1021392.5;1021392;0;1;0;0;17/02/2022 08:00;17/02/2022 09:00;pink;KY38BRUN.RGE.OXYDE.3009;KY38BRUN.RGE.OXYDE.3009;;;1021392.4;;14980;;;;; 
Tab1;1021392.6;1021392;0;5;0;0;17/02/2022 08:00;17/02/2022 13:00;black;KY38BRUN.RGE.OXYDE.3009;KY38BRUN.RGE.OXYDE.3009;;;1021392.5;;14980;;;;; 
Qual1;1021392.7;1021392;0;1;0;0;17/02/2022 08:00;17/02/2022 09:00;pink;KY38BRUN.RGE.OXYDE.3009;KY38BRUN.RGE.OXYDE.3009;;;1021392.6;;14980;;;;; 
Tab1;1021392.8;1021392;0;5;0;0;17/02/2022 08:00;17/02/2022 13:00;blue;KY38BRUN.RGE.OXYDE.3009;KY38BRUN.RGE.OXYDE.3009;;;1021392.7;08/03/2022;14980;;;;; 
Bal1;1021418.1;1021418;0;2;0;0;28/02/2022 08:00;28/02/2022 10:00;olive;SR21BRAL3020.B;SR21BRAL3020.B;;;1021418.0;;1800;;;;;Balances
Qual1;1021418.2;1021418;0;1;0;0;28/02/2022 08:00;28/02/2022 09:00;pink;SR21BRAL3020.B;SR21BRAL3020.B;;;1021418.1;;1800;;;;; 
Bus1;1021418.3;1021418;0;2;0;0;28/02/2022 08:00;28/02/2022 10:00;lightpink;SR21BRAL3020.B;SR21BRAL3020.B;;;1021418.2;;1800;;;;; 
Mel1;1021418.4;1021418;0;10;0;0;28/02/2022 08:00;28/02/2022 18:00;lime;SR21BRAL3020.B;SR21BRAL3020.B;;;1021418.3;;1800;;;;; 
Qual1;1021418.5;1021418;0;1;0;0;28/02/2022 08:00;28/02/2022 09:00;pink;SR21BRAL3020.B;SR21BRAL3020.B;;;1021418.4;;1800;;;;; 
Tab1;1021418.6;1021418;0;5;0;0;28/02/2022 08:00;28/02/2022 13:00;black;SR21BRAL3020.B;SR21BRAL3020.B;;;1021418.5;;1800;;;;; 
Qual1;1021418.7;1021418;0;1;0;0;28/02/2022 08:00;28/02/2022 09:00;pink;SR21BRAL3020.B;SR21BRAL3020.B;;;1021418.6;;1800;;;;; 
Tab1;1021418.8;1021418;0;5;0;0;28/02/2022 08:00;28/02/2022 13:00;blue;SR21BRAL3020.B;SR21BRAL3020.B;;;1021418.7;12/03/2022;1800;;;;; 
Bal1;1021437.1;1021437;0;2;0;0;21/02/2022 08:00;21/02/2022 10:00;olive;KY38RAL7040;KY38RAL7040;;;1021437.0;;7500;;;;;Balances
Disp1;1021437.2;1021437;0;3;0;0;21/02/2022 08:00;21/02/2022 11:00;violet;KY38RAL7040;KY38RAL7040;;;1021437.1;;7500;;;;;Disperseur
Disp1;1021437.3;1021437;0;3;0;0;21/02/2022 08:00;21/02/2022 11:00;violet;KY38RAL7040;KY38RAL7040;;;1021437.2;;7500;;;;;Disperseur
Mel1;1021437.4;1021437;0;10;0;0;21/02/2022 08:00;21/02/2022 18:00;lime;KY38RAL7040;KY38RAL7040;;;1021437.3;;7500;;;;; 
Qual1;1021437.5;1021437;0;1;0;0;21/02/2022 08:00;21/02/2022 09:00;pink;KY38RAL7040;KY38RAL7040;;;1021437.4;;7500;;;;; 
Tab1;1021437.6;1021437;0;5;0;0;21/02/2022 08:00;21/02/2022 13:00;black;KY38RAL7040;KY38RAL7040;;;1021437.5;;7500;;;;; 
Qual1;1021437.7;1021437;0;1;0;0;21/02/2022 08:00;21/02/2022 09:00;pink;KY38RAL7040;KY38RAL7040;;;1021437.6;;7500;;;;; 
Tab1;1021437.8;1021437;0;5;0;0;21/02/2022 08:00;21/02/2022 13:00;blue;KY38RAL7040;KY38RAL7040;;;1021437.7;22/03/2022;7500;;;;; 
Bal1;1021443.1;1021443;0;2;0;0;22/02/2022 08:00;22/02/2022 10:00;olive;FY32BASE.TEINTE.INC/B30;FY32BASE.TEINTE.INC/B30;;;1021443.0;;1800;;;;;Balances
Qual1;1021443.2;1021443;0;1;0;0;22/02/2022 08:00;22/02/2022 09:00;pink;FY32BASE.TEINTE.INC/B30;FY32BASE.TEINTE.INC/B30;;;1021443.1;;1800;;;;; 
Bus1;1021443.3;1021443;0;2;0;0;22/02/2022 08:00;22/02/2022 10:00;lightpink;FY32BASE.TEINTE.INC/B30;FY32BASE.TEINTE.INC/B30;;;1021443.2;;1800;;;;; 
Mel1;1021443.4;1021443;0;10;0;0;22/02/2022 08:00;22/02/2022 18:00;lime;FY32BASE.TEINTE.INC/B30;FY32BASE.TEINTE.INC/B30;;;1021443.3;;1800;;;;; 
Qual1;1021443.5;1021443;0;1;0;0;22/02/2022 08:00;22/02/2022 09:00;pink;FY32BASE.TEINTE.INC/B30;FY32BASE.TEINTE.INC/B30;;;1021443.4;;1800;;;;; 
Tab1;1021443.6;1021443;0;5;0;0;22/02/2022 08:00;22/02/2022 13:00;black;FY32BASE.TEINTE.INC/B30;FY32BASE.TEINTE.INC/B30;;;1021443.5;;1800;;;;; 
Qual1;1021443.7;1021443;0;1;0;0;22/02/2022 08:00;22/02/2022 09:00;pink;FY32BASE.TEINTE.INC/B30;FY32BASE.TEINTE.INC/B30;;;1021443.6;;1800;;;;; 
Tab1;1021443.8;1021443;0;5;0;0;22/02/2022 08:00;22/02/2022 13:00;blue;FY32BASE.TEINTE.INC/B30;FY32BASE.TEINTE.INC/B30;;;1021443.7;12/03/2022;1800;;;;; 
Bal1;1021450.1;1021450;0;2;0;0;04/03/2022 08:00;04/03/2022 10:00;olive;KR39RAL7012;KR39RAL7012;;;1021450.0;;4200;;;;;Balances
Disp1;1021450.2;1021450;0;3;0;0;04/03/2022 08:00;04/03/2022 11:00;violet;KR39RAL7012;KR39RAL7012;;;1021450.1;;4200;;;;;Disperseur
Disp1;1021450.3;1021450;0;3;0;0;04/03/2022 08:00;04/03/2022 11:00;violet;KR39RAL7012;KR39RAL7012;;;1021450.2;;4200;;;;;Disperseur
Mel1;1021450.4;1021450;0;10;0;0;04/03/2022 08:00;04/03/2022 18:00;lime;KR39RAL7012;KR39RAL7012;;;1021450.3;;4200;;;;; 
Qual1;1021450.5;1021450;0;1;0;0;04/03/2022 08:00;04/03/2022 09:00;pink;KR39RAL7012;KR39RAL7012;;;1021450.4;;4200;;;;; 
Tab1;1021450.6;1021450;0;5;0;0;04/03/2022 08:00;04/03/2022 13:00;black;KR39RAL7012;KR39RAL7012;;;1021450.5;;4200;;;;; 
Qual1;1021450.7;1021450;0;1;0;0;04/03/2022 08:00;04/03/2022 09:00;pink;KR39RAL7012;KR39RAL7012;;;1021450.6;;4200;;;;; 
Tab1;1021450.8;1021450;0;5;0;0;04/03/2022 08:00;04/03/2022 13:00;blue;KR39RAL7012;KR39RAL7012;;;1021450.7;21/03/2022;4200;;;;; 
Bal1;1021454.1;1021454;0;2;0;0;17/02/2022 08:00;17/02/2022 10:00;olive;KY38BRUN.RGE.OXYDE.3009/B30;KY38BRUN.RGE.OXYDE.3009/B30;;;1021454.0;;2030;;;;;Balances
Qual1;1021454.2;1021454;0;1;0;0;17/02/2022 08:00;17/02/2022 09:00;pink;KY38BRUN.RGE.OXYDE.3009/B30;KY38BRUN.RGE.OXYDE.3009/B30;;;1021454.1;;2030;;;;; 
Tab1;1021454.3;1021454;0;5;0;0;17/02/2022 08:00;17/02/2022 13:00;black;KY38BRUN.RGE.OXYDE.3009/B30;KY38BRUN.RGE.OXYDE.3009/B30;;;1021454.2;;2030;;;;; 
Qual1;1021454.4;1021454;0;1;0;0;17/02/2022 08:00;17/02/2022 09:00;pink;KY38BRUN.RGE.OXYDE.3009/B30;KY38BRUN.RGE.OXYDE.3009/B30;;;1021454.3;;2030;;;;; 
Tab1;1021454.5;1021454;0;5;0;0;17/02/2022 08:00;17/02/2022 13:00;blue;KY38BRUN.RGE.OXYDE.3009/B30;KY38BRUN.RGE.OXYDE.3009/B30;;;1021454.4;14/03/2022;2030;;;;; 
Bal1;1021456.1;1021456;0;2;0;0;18/02/2022 08:00;18/02/2022 10:00;olive;KY38RAL7016;KY38RAL7016;;;1021456.0;;15000;;;;;Balances
Disp1;1021456.2;1021456;0;3;0;0;18/02/2022 08:00;18/02/2022 11:00;violet;KY38RAL7016;KY38RAL7016;;;1021456.1;;15000;;;;;Disperseur
Disp1;1021456.3;1021456;0;3;0;0;18/02/2022 08:00;18/02/2022 11:00;violet;KY38RAL7016;KY38RAL7016;;;1021456.2;;15000;;;;;Disperseur
Mel1;1021456.4;1021456;0;10;0;0;18/02/2022 08:00;18/02/2022 18:00;lime;KY38RAL7016;KY38RAL7016;;;1021456.3;;15000;;;;; 
Qual1;1021456.5;1021456;0;1;0;0;18/02/2022 08:00;18/02/2022 09:00;pink;KY38RAL7016;KY38RAL7016;;;1021456.4;;15000;;;;; 
Tab1;1021456.6;1021456;0;5;0;0;18/02/2022 08:00;18/02/2022 13:00;black;KY38RAL7016;KY38RAL7016;;;1021456.5;;15000;;;;; 
Qual1;1021456.7;1021456;0;1;0;0;18/02/2022 08:00;18/02/2022 09:00;pink;KY38RAL7016;KY38RAL7016;;;1021456.6;;15000;;;;; 
Tab1;1021456.8;1021456;0;5;0;0;18/02/2022 08:00;18/02/2022 13:00;blue;KY38RAL7016;KY38RAL7016;;;1021456.7;04/03/2022;15000;;;;; 
Bal1;1021464.1;1021464;0;2;0;0;17/02/2022 08:00;17/02/2022 10:00;olive;CW42BLC;CW42BLC;;;1021464.0;;2408;;;;;Balances
Disp1;1021464.2;1021464;0;3;0;0;17/02/2022 08:00;17/02/2022 11:00;violet;CW42BLC;CW42BLC;;;1021464.1;;2408;;;;;Disperseur
Disp1;1021464.3;1021464;0;3;0;0;17/02/2022 08:00;17/02/2022 11:00;violet;CW42BLC;CW42BLC;;;1021464.2;;2408;;;;;Disperseur
Mel1;1021464.4;1021464;0;10;0;0;17/02/2022 08:00;17/02/2022 18:00;lime;CW42BLC;CW42BLC;;;1021464.3;;2408;;;;; 
Qual1;1021464.5;1021464;0;1;0;0;17/02/2022 08:00;17/02/2022 09:00;pink;CW42BLC;CW42BLC;;;1021464.4;;2408;;;;; 
Tab1;1021464.6;1021464;0;5;0;0;17/02/2022 08:00;17/02/2022 13:00;black;CW42BLC;CW42BLC;;;1021464.5;;2408;;;;; 
Qual1;1021464.7;1021464;0;1;0;0;17/02/2022 08:00;17/02/2022 09:00;pink;CW42BLC;CW42BLC;;;1021464.6;;2408;;;;; 
Tab1;1021464.8;1021464;0;5;0;0;17/02/2022 08:00;17/02/2022 13:00;blue;CW42BLC;CW42BLC;;;1021464.7;12/03/2022;2408;;;;; 
Bal1;1021469.1;1021469;0;2;0;0;18/02/2022 08:00;18/02/2022 10:00;olive;DW21INC;DW21INC;;;1021469.0;;1900;;;;;Balances
Mel1;1021469.2;1021469;0;10;0;0;18/02/2022 08:00;18/02/2022 18:00;lime;DW21INC;DW21INC;;;1021469.1;;1900;;;;; 
Qual1;1021469.3;1021469;0;1;0;0;18/02/2022 08:00;18/02/2022 09:00;pink;DW21INC;DW21INC;;;1021469.2;;1900;;;;; 
Tab1;1021469.4;1021469;0;5;0;0;18/02/2022 08:00;18/02/2022 13:00;black;DW21INC;DW21INC;;;1021469.3;;1900;;;;; 
Qual1;1021469.5;1021469;0;1;0;0;18/02/2022 08:00;18/02/2022 09:00;pink;DW21INC;DW21INC;;;1021469.4;;1900;;;;; 
Tab1;1021469.6;1021469;0;5;0;0;18/02/2022 08:00;18/02/2022 13:00;blue;DW21INC;DW21INC;;;1021469.5;01/03/2022;1900;;;;; 
Bal1;1021486.1;1021486;0;2;0;0;23/02/2022 08:00;23/02/2022 10:00;olive;KY38RAL7012;KY38RAL7012;;;1021486.0;;15000;;;;;Balances
Disp1;1021486.2;1021486;0;3;0;0;23/02/2022 08:00;23/02/2022 11:00;violet;KY38RAL7012;KY38RAL7012;;;1021486.1;;15000;;;;;Disperseur
Disp1;1021486.3;1021486;0;3;0;0;23/02/2022 08:00;23/02/2022 11:00;violet;KY38RAL7012;KY38RAL7012;;;1021486.2;;15000;;;;;Disperseur
Mel1;1021486.4;1021486;0;10;0;0;23/02/2022 08:00;23/02/2022 18:00;lime;KY38RAL7012;KY38RAL7012;;;1021486.3;;15000;;;;; 
Qual1;1021486.5;1021486;0;1;0;0;23/02/2022 08:00;23/02/2022 09:00;pink;KY38RAL7012;KY38RAL7012;;;1021486.4;;15000;;;;; 
Tab1;1021486.6;1021486;0;5;0;0;23/02/2022 08:00;23/02/2022 13:00;black;KY38RAL7012;KY38RAL7012;;;1021486.5;;15000;;;;; 
Qual1;1021486.7;1021486;0;1;0;0;23/02/2022 08:00;23/02/2022 09:00;pink;KY38RAL7012;KY38RAL7012;;;1021486.6;;15000;;;;; 
Tab1;1021486.8;1021486;0;5;0;0;23/02/2022 08:00;23/02/2022 13:00;blue;KY38RAL7012;KY38RAL7012;;;1021486.7;24/03/2022;15000;;;;; 
Bal1;1021487.1;1021487;0;2;0;0;01/03/2022 08:00;01/03/2022 10:00;olive;SP23RAL7016;SP23RAL7016;;;1021487.0;;393,12;;;;;Balances
Qual1;1021487.2;1021487;0;1;0;0;01/03/2022 08:00;01/03/2022 09:00;pink;SP23RAL7016;SP23RAL7016;;;1021487.1;;393,12;;;;; 
Tab1;1021487.3;1021487;0;5;0;0;01/03/2022 08:00;01/03/2022 13:00;blue;SP23RAL7016;SP23RAL7016;;;1021487.2;18/03/2022;393,12;;;;; 
Bal1;1021501.1;1021501;0;2;0;0;15/02/2022 08:00;15/02/2022 10:00;olive;SR21RAL7021;SR21RAL7021;;;1021501.0;;51;;;;;Balances
Qual1;1021501.2;1021501;0;1;0;0;15/02/2022 08:00;15/02/2022 09:00;pink;SR21RAL7021;SR21RAL7021;;;1021501.1;;51;;;;; 
Tab1;1021501.3;1021501;0;5;0;0;15/02/2022 08:00;15/02/2022 13:00;blue;SR21RAL7021;SR21RAL7021;;;1021501.2;13/03/2022;51;;;;; 
Bal1;1021502.1;1021502;0;2;0;0;15/02/2022 08:00;15/02/2022 10:00;olive;KY38RAL7037;KY38RAL7037;;;1021502.0;;1350;;;;;Balances
Qual1;1021502.2;1021502;0;1;0;0;15/02/2022 08:00;15/02/2022 09:00;pink;KY38RAL7037;KY38RAL7037;;;1021502.1;16/03/2022;1350;;;;; 
Bal1;1021503.1;1021503;0;2;0;0;15/02/2022 08:00;15/02/2022 10:00;olive;SP23RAL7046;SP23RAL7046;;;1021503.0;;84,75;;;;;Balances
Qual1;1021503.2;1021503;0;1;0;0;15/02/2022 08:00;15/02/2022 09:00;pink;SP23RAL7046;SP23RAL7046;;;1021503.1;;84,75;;;;; 
Tab1;1021503.3;1021503;0;5;0;0;15/02/2022 08:00;15/02/2022 13:00;blue;SP23RAL7046;SP23RAL7046;;;1021503.2;14/03/2022;84,75;;;;; 
Bal1;1021504.1;1021504;0;2;0;0;15/02/2022 08:00;15/02/2022 10:00;olive;SP23RAL5011;SP23RAL5011;;;1021504.0;;16,38;;;;;Balances
Qual1;1021504.2;1021504;0;1;0;0;15/02/2022 08:00;15/02/2022 09:00;pink;SP23RAL5011;SP23RAL5011;;;1021504.1;;16,38;;;;; 
Tab1;1021504.3;1021504;0;5;0;0;15/02/2022 08:00;15/02/2022 13:00;blue;SP23RAL5011;SP23RAL5011;;;1021504.2;09/03/2022;16,38;;;;; 
Bal1;1021505.1;1021505;0;2;0;0;28/02/2022 08:00;28/02/2022 10:00;olive;KY38RAL9002;KY38RAL9002;;;1021505.0;;4300;;;;;Balances
Disp1;1021505.2;1021505;0;3;0;0;28/02/2022 08:00;28/02/2022 11:00;violet;KY38RAL9002;KY38RAL9002;;;1021505.1;;4300;;;;;Disperseur
Disp1;1021505.3;1021505;0;3;0;0;28/02/2022 08:00;28/02/2022 11:00;violet;KY38RAL9002;KY38RAL9002;;;1021505.2;;4300;;;;;Disperseur
Mel1;1021505.4;1021505;0;10;0;0;28/02/2022 08:00;28/02/2022 18:00;lime;KY38RAL9002;KY38RAL9002;;;1021505.3;;4300;;;;; 
Qual1;1021505.5;1021505;0;1;0;0;28/02/2022 08:00;28/02/2022 09:00;pink;KY38RAL9002;KY38RAL9002;;;1021505.4;;4300;;;;; 
Tab1;1021505.6;1021505;0;5;0;0;28/02/2022 08:00;28/02/2022 13:00;black;KY38RAL9002;KY38RAL9002;;;1021505.5;;4300;;;;; 
Qual1;1021505.7;1021505;0;1;0;0;28/02/2022 08:00;28/02/2022 09:00;pink;KY38RAL9002;KY38RAL9002;;;1021505.6;;4300;;;;; 
Tab1;1021505.8;1021505;0;5;0;0;28/02/2022 08:00;28/02/2022 13:00;blue;KY38RAL9002;KY38RAL9002;;;1021505.7;28/03/2022;4300;;;;; 
Bal1;1021506.1;1021506;0;2;0;0;15/02/2022 08:00;15/02/2022 10:00;olive;SR21RAL6011;SR21RAL6011;;;1021506.0;;237,16;;;;;Balances
Qual1;1021506.2;1021506;0;1;0;0;15/02/2022 08:00;15/02/2022 09:00;pink;SR21RAL6011;SR21RAL6011;;;1021506.1;;237,16;;;;; 
Tab1;1021506.3;1021506;0;5;0;0;15/02/2022 08:00;15/02/2022 13:00;blue;SR21RAL6011;SR21RAL6011;;;1021506.2;03/03/2022;237,16;;;;; 
Bal1;1021507.1;1021507;0;2;0;0;15/02/2022 08:00;15/02/2022 10:00;olive;KY38RAL7001;KY38RAL7001;;;1021507.0;;2370;;;;;Balances
Disp1;1021507.2;1021507;0;3;0;0;15/02/2022 08:00;15/02/2022 11:00;violet;KY38RAL7001;KY38RAL7001;;;1021507.1;;2370;;;;;Disperseur
Disp1;1021507.3;1021507;0;3;0;0;15/02/2022 08:00;15/02/2022 11:00;violet;KY38RAL7001;KY38RAL7001;;;1021507.2;;2370;;;;;Disperseur
Mel1;1021507.4;1021507;0;10;0;0;15/02/2022 08:00;15/02/2022 18:00;lime;KY38RAL7001;KY38RAL7001;;;1021507.3;;2370;;;;; 
Qual1;1021507.5;1021507;0;1;0;0;15/02/2022 08:00;15/02/2022 09:00;pink;KY38RAL7001;KY38RAL7001;;;1021507.4;;2370;;;;; 
Tab1;1021507.6;1021507;0;5;0;0;15/02/2022 08:00;15/02/2022 13:00;black;KY38RAL7001;KY38RAL7001;;;1021507.5;;2370;;;;; 
Qual1;1021507.7;1021507;0;1;0;0;15/02/2022 08:00;15/02/2022 09:00;pink;KY38RAL7001;KY38RAL7001;;;1021507.6;;2370;;;;; 
Tab1;1021507.8;1021507;0;5;0;0;15/02/2022 08:00;15/02/2022 13:00;blue;KY38RAL7001;KY38RAL7001;;;1021507.7;10/03/2022;2370;;;;; 
Bal1;1021511.1;1021511;0;2;0;0;02/03/2022 08:00;02/03/2022 10:00;olive;DI109;DI109;;;1021511.0;;745,2;;;;;Balances
Qual1;1021511.2;1021511;0;1;0;0;02/03/2022 08:00;02/03/2022 09:00;pink;DI109;DI109;;;1021511.1;;745,2;;;;; 
Tab1;1021511.3;1021511;0;5;0;0;02/03/2022 08:00;02/03/2022 13:00;blue;DI109;DI109;;;1021511.2;19/03/2022;745,2;;;;; 
Bal1;1021514.1;1021514;0;2;0;0;15/02/2022 08:00;15/02/2022 10:00;olive;SR21BLC.9000;SR21BLC.9000;;;1021514.0;;3538,848;;;;;Balances
Qual1;1021514.2;1021514;0;1;0;0;15/02/2022 08:00;15/02/2022 09:00;pink;SR21BLC.9000;SR21BLC.9000;;;1021514.1;;3538,848;;;;; 
Disp1;1021514.3;1021514;0;3;0;0;15/02/2022 08:00;15/02/2022 11:00;violet;SR21BLC.9000;SR21BLC.9000;;;1021514.2;;3538,848;;;;;Disperseur
Bus1;1021514.4;1021514;0;2;0;0;15/02/2022 08:00;15/02/2022 10:00;lightpink;SR21BLC.9000;SR21BLC.9000;;;1021514.3;;3538,848;;;;; 
Mel1;1021514.5;1021514;0;10;0;0;15/02/2022 08:00;15/02/2022 18:00;lime;SR21BLC.9000;SR21BLC.9000;;;1021514.4;;3538,848;;;;; 
Qual1;1021514.6;1021514;0;1;0;0;15/02/2022 08:00;15/02/2022 09:00;pink;SR21BLC.9000;SR21BLC.9000;;;1021514.5;;3538,848;;;;; 
Qual1;1021514.7;1021514;0;1;0;0;15/02/2022 08:00;15/02/2022 09:00;pink;SR21BLC.9000;SR21BLC.9000;;;1021514.6;28/02/2022;3538,848;;;;; 
Bal1;1021515.1;1021515;0;2;0;0;15/02/2022 08:00;15/02/2022 10:00;olive;HS100RAL9006;HS100RAL9006;;;1021515.0;;4,202;;;;;Balances
Qual1;1021515.2;1021515;0;1;0;0;15/02/2022 08:00;15/02/2022 09:00;pink;HS100RAL9006;HS100RAL9006;;;1021515.1;;4,202;;;;; 
Tab1;1021515.3;1021515;0;5;0;0;15/02/2022 08:00;15/02/2022 13:00;black;HS100RAL9006;HS100RAL9006;;;1021515.2;;4,202;;;;; 
Qual1;1021515.4;1021515;0;1;0;0;15/02/2022 08:00;15/02/2022 09:00;pink;HS100RAL9006;HS100RAL9006;;;1021515.3;;4,202;;;;; 
Tab1;1021515.5;1021515;0;5;0;0;15/02/2022 08:00;15/02/2022 13:00;blue;HS100RAL9006;HS100RAL9006;;;1021515.4;10/03/2022;4,202;;;;; 
Bal1;1021516.1;1021516;0;2;0;0;15/02/2022 08:00;15/02/2022 10:00;olive;HS100HONDA.ROUGE;HS100HONDA.ROUGE;;;1021516.0;;8;;;;;Balances
Qual1;1021516.2;1021516;0;1;0;0;15/02/2022 08:00;15/02/2022 09:00;pink;HS100HONDA.ROUGE;HS100HONDA.ROUGE;;;1021516.1;;8;;;;; 
Tab1;1021516.3;1021516;0;5;0;0;15/02/2022 08:00;15/02/2022 13:00;black;HS100HONDA.ROUGE;HS100HONDA.ROUGE;;;1021516.2;;8;;;;; 
Qual1;1021516.4;1021516;0;1;0;0;15/02/2022 08:00;15/02/2022 09:00;pink;HS100HONDA.ROUGE;HS100HONDA.ROUGE;;;1021516.3;;8;;;;; 
Tab1;1021516.5;1021516;0;5;0;0;15/02/2022 08:00;15/02/2022 13:00;blue;HS100HONDA.ROUGE;HS100HONDA.ROUGE;;;1021516.4;15/03/2022;8;;;;; 
Bal1;1021518.1;1021518;0;2;0;0;15/02/2022 08:00;15/02/2022 10:00;olive;AK210RAL5003;AK210RAL5003;;;1021518.0;;22;;;;;Balances
Qual1;1021518.2;1021518;0;1;0;0;15/02/2022 08:00;15/02/2022 09:00;pink;AK210RAL5003;AK210RAL5003;;;1021518.1;;22;;;;; 
Tab1;1021518.3;1021518;0;5;0;0;15/02/2022 08:00;15/02/2022 13:00;black;AK210RAL5003;AK210RAL5003;;;1021518.2;;22;;;;; 
Qual1;1021518.4;1021518;0;1;0;0;15/02/2022 08:00;15/02/2022 09:00;pink;AK210RAL5003;AK210RAL5003;;;1021518.3;;22;;;;; 
Tab1;1021518.5;1021518;0;5;0;0;15/02/2022 08:00;15/02/2022 13:00;blue;AK210RAL5003;AK210RAL5003;;;1021518.4;15/03/2022;22;;;;; 
Bal1;1021519.1;1021519;0;2;0;0;21/02/2022 08:00;21/02/2022 10:00;olive;HN25;HN25;;;1021519.0;;1680;;;;;Balances
Qual1;1021519.2;1021519;0;1;0;0;21/02/2022 08:00;21/02/2022 09:00;pink;HN25;HN25;;;1021519.1;;1680;;;;; 
Tab1;1021519.3;1021519;0;5;0;0;21/02/2022 08:00;21/02/2022 13:00;blue;HN25;HN25;;;1021519.2;23/03/2022;1680;;;;; 
Bal1;1021520.1;1021520;0;2;0;0;15/02/2022 08:00;15/02/2022 10:00;olive;SP23RAL1003;SP23RAL1003;;;1021520.0;;137,592;;;;;Balances
Qual1;1021520.2;1021520;0;1;0;0;15/02/2022 08:00;15/02/2022 09:00;pink;SP23RAL1003;SP23RAL1003;;;1021520.1;;137,592;;;;; 
Tab1;1021520.3;1021520;0;5;0;0;15/02/2022 08:00;15/02/2022 13:00;blue;SP23RAL1003;SP23RAL1003;;;1021520.2;25/02/2022;137,592;;;;; 
Bal1;1021521.1;1021521;0;2;0;0;15/02/2022 08:00;15/02/2022 10:00;olive;SR21RAL1003;SR21RAL1003;;;1021521.0;;228,07;;;;;Balances
Qual1;1021521.2;1021521;0;1;0;0;15/02/2022 08:00;15/02/2022 09:00;pink;SR21RAL1003;SR21RAL1003;;;1021521.1;;228,07;;;;; 
Tab1;1021521.3;1021521;0;5;0;0;15/02/2022 08:00;15/02/2022 13:00;blue;SR21RAL1003;SR21RAL1003;;;1021521.2;17/03/2022;228,07;;;;; 
Bal1;1021524.1;1021524;0;2;0;0;03/03/2022 08:00;03/03/2022 10:00;olive;DW22BLC;DW22BLC;;;1021524.0;;2350;;;;;Balances
Disp1;1021524.2;1021524;0;3;0;0;03/03/2022 08:00;03/03/2022 11:00;violet;DW22BLC;DW22BLC;;;1021524.1;;2350;;;;;Disperseur
Qual1;1021524.3;1021524;0;1;0;0;03/03/2022 08:00;03/03/2022 09:00;pink;DW22BLC;DW22BLC;;;1021524.2;;2350;;;;; 
Tab1;1021524.4;1021524;0;5;0;0;03/03/2022 08:00;03/03/2022 13:00;black;DW22BLC;DW22BLC;;;1021524.3;;2350;;;;; 
Qual1;1021524.5;1021524;0;1;0;0;03/03/2022 08:00;03/03/2022 09:00;pink;DW22BLC;DW22BLC;;;1021524.4;;2350;;;;; 
Tab1;1021524.6;1021524;0;5;0;0;03/03/2022 08:00;03/03/2022 13:00;blue;DW22BLC;DW22BLC;;;1021524.5;26/03/2022;2350;;;;; 
Bal1;1021526.1;1021526;0;2;0;0;16/02/2022 08:00;16/02/2022 10:00;olive;SP23RAL3004;SP23RAL3004;;;1021526.0;;196,56;;;;;Balances
Qual1;1021526.2;1021526;0;1;0;0;16/02/2022 08:00;16/02/2022 09:00;pink;SP23RAL3004;SP23RAL3004;;;1021526.1;;196,56;;;;; 
Tab1;1021526.3;1021526;0;5;0;0;16/02/2022 08:00;16/02/2022 13:00;blue;SP23RAL3004;SP23RAL3004;;;1021526.2;17/03/2022;196,56;;;;; 
Bal1;1021527.1;1021527;0;2;0;0;16/02/2022 08:00;16/02/2022 10:00;olive;SR60RAL3004;SR60RAL3004;;;1021527.0;;2160;;;;;Balances
Qual1;1021527.2;1021527;0;1;0;0;16/02/2022 08:00;16/02/2022 09:00;pink;SR60RAL3004;SR60RAL3004;;;1021527.1;;2160;;;;; 
Tab1;1021527.3;1021527;0;5;0;0;16/02/2022 08:00;16/02/2022 13:00;black;SR60RAL3004;SR60RAL3004;;;1021527.2;;2160;;;;; 
Qual1;1021527.4;1021527;0;1;0;0;16/02/2022 08:00;16/02/2022 09:00;pink;SR60RAL3004;SR60RAL3004;;;1021527.3;;2160;;;;; 
Tab1;1021527.5;1021527;0;5;0;0;16/02/2022 08:00;16/02/2022 13:00;blue;SR60RAL3004;SR60RAL3004;;;1021527.4;13/03/2022;2160;;;;; 
Bal1;1021531.1;1021531;0;2;0;0;16/02/2022 08:00;16/02/2022 10:00;olive;SP100RAL9005;SP100RAL9005;;;1021531.0;;25,2;;;;;Balances
Qual1;1021531.2;1021531;0;1;0;0;16/02/2022 08:00;16/02/2022 09:00;pink;SP100RAL9005;SP100RAL9005;;;1021531.1;;25,2;;;;; 
Tab1;1021531.3;1021531;0;5;0;0;16/02/2022 08:00;16/02/2022 13:00;blue;SP100RAL9005;SP100RAL9005;;;1021531.2;28/02/2022;25,2;;;;; 
Bal1;1021532.1;1021532;0;2;0;0;16/02/2022 08:00;16/02/2022 10:00;olive;AK210RAL8019;AK210RAL8019;;;1021532.0;;22;;;;;Balances
Qual1;1021532.2;1021532;0;1;0;0;16/02/2022 08:00;16/02/2022 09:00;pink;AK210RAL8019;AK210RAL8019;;;1021532.1;;22;;;;; 
Tab1;1021532.3;1021532;0;5;0;0;16/02/2022 08:00;16/02/2022 13:00;black;AK210RAL8019;AK210RAL8019;;;1021532.2;;22;;;;; 
Qual1;1021532.4;1021532;0;1;0;0;16/02/2022 08:00;16/02/2022 09:00;pink;AK210RAL8019;AK210RAL8019;;;1021532.3;;22;;;;; 
Tab1;1021532.5;1021532;0;5;0;0;16/02/2022 08:00;16/02/2022 13:00;blue;AK210RAL8019;AK210RAL8019;;;1021532.4;06/03/2022;22;;;;; 
Bal1;1021533.1;1021533;0;2;0;0;17/02/2022 08:00;17/02/2022 10:00;olive;SR21RAL6005;SR21RAL6005;;;1021533.0;;228,8;;;;;Balances
Qual1;1021533.2;1021533;0;1;0;0;17/02/2022 08:00;17/02/2022 09:00;pink;SR21RAL6005;SR21RAL6005;;;1021533.1;;228,8;;;;; 
Tab1;1021533.3;1021533;0;5;0;0;17/02/2022 08:00;17/02/2022 13:00;blue;SR21RAL6005;SR21RAL6005;;;1021533.2;15/03/2022;228,8;;;;; 
Bal1;1021535.1;1021535;0;2;0;0;17/02/2022 08:00;17/02/2022 10:00;olive;SL32INC/S;SL32INC/S;;;1021535.0;;48;;;;;Balances
Qual1;1021535.2;1021535;0;1;0;0;17/02/2022 08:00;17/02/2022 09:00;pink;SL32INC/S;SL32INC/S;;;1021535.1;;48;;;;; 
Tab1;1021535.3;1021535;0;5;0;0;17/02/2022 08:00;17/02/2022 13:00;blue;SL32INC/S;SL32INC/S;;;1021535.2;17/03/2022;48;;;;; 
Bal1;1021536.1;1021536;0;2;0;0;17/02/2022 08:00;17/02/2022 10:00;olive;SP23RAL7001;SP23RAL7001;;;1021536.0;;260,832;;;;;Balances
Qual1;1021536.2;1021536;0;1;0;0;17/02/2022 08:00;17/02/2022 09:00;pink;SP23RAL7001;SP23RAL7001;;;1021536.1;;260,832;;;;; 
Tab1;1021536.3;1021536;0;5;0;0;17/02/2022 08:00;17/02/2022 13:00;blue;SP23RAL7001;SP23RAL7001;;;1021536.2;03/03/2022;260,832;;;;; 
Bal1;1021537.1;1021537;0;2;0;0;17/02/2022 08:00;17/02/2022 10:00;olive;SP23RAL7001;SP23RAL7001;;;1021537.0;;295,152;;;;;Balances
Qual1;1021537.2;1021537;0;1;0;0;17/02/2022 08:00;17/02/2022 09:00;pink;SP23RAL7001;SP23RAL7001;;;1021537.1;;295,152;;;;; 
Tab1;1021537.3;1021537;0;5;0;0;17/02/2022 08:00;17/02/2022 13:00;blue;SP23RAL7001;SP23RAL7001;;;1021537.2;28/02/2022;295,152;;;;; 
Bal1;1021538.1;1021538;0;2;0;0;17/02/2022 08:00;17/02/2022 10:00;olive;KP40CREAT.VERT;KP40CREAT.VERT;;;1021538.0;;30;;;;;Balances
Qual1;1021538.2;1021538;0;1;0;0;17/02/2022 08:00;17/02/2022 09:00;pink;KP40CREAT.VERT;KP40CREAT.VERT;;;1021538.1;;30;;;;; 
Tab1;1021538.3;1021538;0;5;0;0;17/02/2022 08:00;17/02/2022 13:00;blue;KP40CREAT.VERT;KP40CREAT.VERT;;;1021538.2;19/03/2022;30;;;;; 
Bal1;1021539.1;1021539;0;2;0;0;17/02/2022 08:00;17/02/2022 10:00;olive;KS40CREAT.VERT;KS40CREAT.VERT;;;1021539.0;;180;;;;;Balances
Qual1;1021539.2;1021539;0;1;0;0;17/02/2022 08:00;17/02/2022 09:00;pink;KS40CREAT.VERT;KS40CREAT.VERT;;;1021539.1;;180;;;;; 
Tab1;1021539.3;1021539;0;5;0;0;17/02/2022 08:00;17/02/2022 13:00;black;KS40CREAT.VERT;KS40CREAT.VERT;;;1021539.2;;180;;;;; 
Qual1;1021539.4;1021539;0;1;0;0;17/02/2022 08:00;17/02/2022 09:00;pink;KS40CREAT.VERT;KS40CREAT.VERT;;;1021539.3;;180;;;;; 
Tab1;1021539.5;1021539;0;5;0;0;17/02/2022 08:00;17/02/2022 13:00;blue;KS40CREAT.VERT;KS40CREAT.VERT;;;1021539.4;13/03/2022;180;;;;; 
Bal1;1021541.1;1021541;0;2;0;0;17/02/2022 08:00;17/02/2022 10:00;olive;EY25;EY25;;;1021541.0;;5,52;;;;;Balances
Qual1;1021541.2;1021541;0;1;0;0;17/02/2022 08:00;17/02/2022 09:00;pink;EY25;EY25;;;1021541.1;;5,52;;;;; 
Tab1;1021541.3;1021541;0;5;0;0;17/02/2022 08:00;17/02/2022 13:00;blue;EY25;EY25;;;1021541.2;09/03/2022;5,52;;;;; 
Bal1;1021542.1;1021542;0;2;0;0;17/02/2022 08:00;17/02/2022 10:00;olive;SP23RAL6027;SP23RAL6027;;;1021542.0;;51,48;;;;;Balances
Qual1;1021542.2;1021542;0;1;0;0;17/02/2022 08:00;17/02/2022 09:00;pink;SP23RAL6027;SP23RAL6027;;;1021542.1;;51,48;;;;; 
Tab1;1021542.3;1021542;0;5;0;0;17/02/2022 08:00;17/02/2022 13:00;blue;SP23RAL6027;SP23RAL6027;;;1021542.2;08/03/2022;51,48;;;;; 
Bal1;1021543.1;1021543;0;2;0;0;17/02/2022 08:00;17/02/2022 10:00;olive;KR39RAL7043;KR39RAL7043;;;1021543.0;;266;;;;;Balances
Qual1;1021543.2;1021543;0;1;0;0;17/02/2022 08:00;17/02/2022 09:00;pink;KR39RAL7043;KR39RAL7043;;;1021543.1;;266;;;;; 
Tab1;1021543.3;1021543;0;5;0;0;17/02/2022 08:00;17/02/2022 13:00;blue;KR39RAL7043;KR39RAL7043;;;1021543.2;08/03/2022;266;;;;; 
Bal1;1021544.1;1021544;0;2;0;0;17/02/2022 08:00;17/02/2022 10:00;olive;SKS40MORGERE.ORANGE/B50;SKS40MORGERE.ORANGE/B50;;;1021544.0;;12,66;;;;;Balances
Qual1;1021544.2;1021544;0;1;0;0;17/02/2022 08:00;17/02/2022 09:00;pink;SKS40MORGERE.ORANGE/B50;SKS40MORGERE.ORANGE/B50;;;1021544.1;;12,66;;;;; 
Tab1;1021544.3;1021544;0;5;0;0;17/02/2022 08:00;17/02/2022 13:00;black;SKS40MORGERE.ORANGE/B50;SKS40MORGERE.ORANGE/B50;;;1021544.2;;12,66;;;;; 
Qual1;1021544.4;1021544;0;1;0;0;17/02/2022 08:00;17/02/2022 09:00;pink;SKS40MORGERE.ORANGE/B50;SKS40MORGERE.ORANGE/B50;;;1021544.3;;12,66;;;;; 
Tab1;1021544.5;1021544;0;5;0;0;17/02/2022 08:00;17/02/2022 13:00;blue;SKS40MORGERE.ORANGE/B50;SKS40MORGERE.ORANGE/B50;;;1021544.4;05/03/2022;12,66;;;;; 
Bal1;1021545.1;1021545;0;2;0;0;29/03/2022 08:00;29/03/2022 10:00;olive;KY38SCREB.RGE.BRUN;KY38SCREB.RGE.BRUN;;;1021545.0;;15120;;;;;Balances
Disp1;1021545.2;1021545;0;3;0;0;29/03/2022 08:00;29/03/2022 11:00;violet;KY38SCREB.RGE.BRUN;KY38SCREB.RGE.BRUN;;;1021545.1;;15120;;;;;Disperseur
Disp1;1021545.3;1021545;0;3;0;0;29/03/2022 08:00;29/03/2022 11:00;violet;KY38SCREB.RGE.BRUN;KY38SCREB.RGE.BRUN;;;1021545.2;;15120;;;;;Disperseur
Mel1;1021545.4;1021545;0;10;0;0;29/03/2022 08:00;29/03/2022 18:00;lime;KY38SCREB.RGE.BRUN;KY38SCREB.RGE.BRUN;;;1021545.3;;15120;;;;; 
Qual1;1021545.5;1021545;0;1;0;0;29/03/2022 08:00;29/03/2022 09:00;pink;KY38SCREB.RGE.BRUN;KY38SCREB.RGE.BRUN;;;1021545.4;;15120;;;;; 
Tab1;1021545.6;1021545;0;5;0;0;29/03/2022 08:00;29/03/2022 13:00;black;KY38SCREB.RGE.BRUN;KY38SCREB.RGE.BRUN;;;1021545.5;;15120;;;;; 
Qual1;1021545.7;1021545;0;1;0;0;29/03/2022 08:00;29/03/2022 09:00;pink;KY38SCREB.RGE.BRUN;KY38SCREB.RGE.BRUN;;;1021545.6;;15120;;;;; 
Tab1;1021545.8;1021545;0;5;0;0;29/03/2022 08:00;29/03/2022 13:00;blue;KY38SCREB.RGE.BRUN;KY38SCREB.RGE.BRUN;;;1021545.7;23/04/2022;15120;;;;; 
Bal1;1021546.1;1021546;0;2;0;0;17/02/2022 08:00;17/02/2022 10:00;olive;AK210RAL7012;AK210RAL7012;;;1021546.0;;22;;;;;Balances
Qual1;1021546.2;1021546;0;1;0;0;17/02/2022 08:00;17/02/2022 09:00;pink;AK210RAL7012;AK210RAL7012;;;1021546.1;;22;;;;; 
Tab1;1021546.3;1021546;0;5;0;0;17/02/2022 08:00;17/02/2022 13:00;black;AK210RAL7012;AK210RAL7012;;;1021546.2;;22;;;;; 
Qual1;1021546.4;1021546;0;1;0;0;17/02/2022 08:00;17/02/2022 09:00;pink;AK210RAL7012;AK210RAL7012;;;1021546.3;;22;;;;; 
Tab1;1021546.5;1021546;0;5;0;0;17/02/2022 08:00;17/02/2022 13:00;blue;AK210RAL7012;AK210RAL7012;;;1021546.4;08/03/2022;22;;;;; 
Bal1;1021548.1;1021548;0;2;0;0;17/02/2022 08:00;17/02/2022 10:00;olive;C9XC3BLC;C9XC3BLC;;;1021548.0;;75;;;;;Balances
Qual1;1021548.2;1021548;0;1;0;0;17/02/2022 08:00;17/02/2022 09:00;pink;C9XC3BLC;C9XC3BLC;;;1021548.1;;75;;;;; 
Tab1;1021548.3;1021548;0;5;0;0;17/02/2022 08:00;17/02/2022 13:00;black;C9XC3BLC;C9XC3BLC;;;1021548.2;;75;;;;; 
Qual1;1021548.4;1021548;0;1;0;0;17/02/2022 08:00;17/02/2022 09:00;pink;C9XC3BLC;C9XC3BLC;;;1021548.3;;75;;;;; 
Tab1;1021548.5;1021548;0;5;0;0;17/02/2022 08:00;17/02/2022 13:00;blue;C9XC3BLC;C9XC3BLC;;;1021548.4;01/03/2022;75;;;;; 
Bal1;1021549.1;1021549;0;2;0;0;17/02/2022 08:00;17/02/2022 10:00;olive;Y8204/CC;Y8204/CC;;;1021549.0;;2700;;;;;Balances
Tab1;1021549.2;1021549;0;5;0;0;17/02/2022 08:00;17/02/2022 13:00;black;Y8204/CC;Y8204/CC;;;1021549.1;;2700;;;;; 
Qual1;1021549.3;1021549;0;1;0;0;17/02/2022 08:00;17/02/2022 09:00;pink;Y8204/CC;Y8204/CC;;;1021549.2;;2700;;;;; 
Tab1;1021549.4;1021549;0;5;0;0;17/02/2022 08:00;17/02/2022 13:00;blue;Y8204/CC;Y8204/CC;;;1021549.3;11/03/2022;2700;;;;; 
Bal1;1021550.1;1021550;0;2;0;0;17/02/2022 08:00;17/02/2022 10:00;olive;KY38RAL9005;KY38RAL9005;;;1021550.0;;6800;;;;;Balances
Disp1;1021550.2;1021550;0;3;0;0;17/02/2022 08:00;17/02/2022 11:00;violet;KY38RAL9005;KY38RAL9005;;;1021550.1;;6800;;;;;Disperseur
Disp1;1021550.3;1021550;0;3;0;0;17/02/2022 08:00;17/02/2022 11:00;violet;KY38RAL9005;KY38RAL9005;;;1021550.2;;6800;;;;;Disperseur
Mel1;1021550.4;1021550;0;10;0;0;17/02/2022 08:00;17/02/2022 18:00;lime;KY38RAL9005;KY38RAL9005;;;1021550.3;;6800;;;;; 
Qual1;1021550.5;1021550;0;1;0;0;17/02/2022 08:00;17/02/2022 09:00;pink;KY38RAL9005;KY38RAL9005;;;1021550.4;;6800;;;;; 
Tab1;1021550.6;1021550;0;5;0;0;17/02/2022 08:00;17/02/2022 13:00;black;KY38RAL9005;KY38RAL9005;;;1021550.5;;6800;;;;; 
Qual1;1021550.7;1021550;0;1;0;0;17/02/2022 08:00;17/02/2022 09:00;pink;KY38RAL9005;KY38RAL9005;;;1021550.6;;6800;;;;; 
Tab1;1021550.8;1021550;0;5;0;0;17/02/2022 08:00;17/02/2022 13:00;blue;KY38RAL9005;KY38RAL9005;;;1021550.7;17/03/2022;6800;;;;; 
Bal1;1021552.1;1021552;0;2;0;0;17/02/2022 08:00;17/02/2022 10:00;olive;KR39RAL9005/B30;KR39RAL9005/B30;;;1021552.0;;1320;;;;;Balances
Qual1;1021552.2;1021552;0;1;0;0;17/02/2022 08:00;17/02/2022 09:00;pink;KR39RAL9005/B30;KR39RAL9005/B30;;;1021552.1;;1320;;;;; 
Tab1;1021552.3;1021552;0;5;0;0;17/02/2022 08:00;17/02/2022 13:00;black;KR39RAL9005/B30;KR39RAL9005/B30;;;1021552.2;;1320;;;;; 
Qual1;1021552.4;1021552;0;1;0;0;17/02/2022 08:00;17/02/2022 09:00;pink;KR39RAL9005/B30;KR39RAL9005/B30;;;1021552.3;;1320;;;;; 
Tab1;1021552.5;1021552;0;5;0;0;17/02/2022 08:00;17/02/2022 13:00;blue;KR39RAL9005/B30;KR39RAL9005/B30;;;1021552.4;13/03/2022;1320;;;;; 
Bal1;1021554.1;1021554;0;2;0;0;18/02/2022 08:00;18/02/2022 10:00;olive;CV45BLC;CV45BLC;;;1021554.0;;24,15;;;;;Balances
Qual1;1021554.2;1021554;0;1;0;0;18/02/2022 08:00;18/02/2022 09:00;pink;CV45BLC;CV45BLC;;;1021554.1;;24,15;;;;; 
Tab1;1021554.3;1021554;0;5;0;0;18/02/2022 08:00;18/02/2022 13:00;blue;CV45BLC;CV45BLC;;;1021554.2;17/03/2022;24,15;;;;; 
Bal1;1021558.1;1021558;0;2;0;0;18/02/2022 08:00;18/02/2022 10:00;olive;SR21RAL7033;SR21RAL7033;;;1021558.0;;250,8;;;;;Balances
Qual1;1021558.2;1021558;0;1;0;0;18/02/2022 08:00;18/02/2022 09:00;pink;SR21RAL7033;SR21RAL7033;;;1021558.1;;250,8;;;;; 
Tab1;1021558.3;1021558;0;5;0;0;18/02/2022 08:00;18/02/2022 13:00;blue;SR21RAL7033;SR21RAL7033;;;1021558.2;20/03/2022;250,8;;;;; 
Bal1;1021560.1;1021560;0;2;0;0;17/03/2022 08:00;17/03/2022 10:00;olive;SR21RAL7037;SR21RAL7037;;;1021560.0;;1000;;;;;Balances
Qual1;1021560.2;1021560;0;1;0;0;17/03/2022 08:00;17/03/2022 09:00;pink;SR21RAL7037;SR21RAL7037;;;1021560.1;;1000;;;;; 
Tab1;1021560.3;1021560;0;5;0;0;17/03/2022 08:00;17/03/2022 13:00;black;SR21RAL7037;SR21RAL7037;;;1021560.2;;1000;;;;; 
Qual1;1021560.4;1021560;0;1;0;0;17/03/2022 08:00;17/03/2022 09:00;pink;SR21RAL7037;SR21RAL7037;;;1021560.3;;1000;;;;; 
Tab1;1021560.5;1021560;0;5;0;0;17/03/2022 08:00;17/03/2022 13:00;blue;SR21RAL7037;SR21RAL7037;;;1021560.4;30/03/2022;1000;;;;; 
Bal1;1021561.1;1021561;0;2;0;0;18/02/2022 08:00;18/02/2022 10:00;olive;SL22BASE.INC.A.TEINTER;SL22BASE.INC.A.TEINTER;;;1021561.0;;82,6;;;;;Balances
Qual1;1021561.2;1021561;0;1;0;0;18/02/2022 08:00;18/02/2022 09:00;pink;SL22BASE.INC.A.TEINTER;SL22BASE.INC.A.TEINTER;;;1021561.1;;82,6;;;;; 
Tab1;1021561.3;1021561;0;5;0;0;18/02/2022 08:00;18/02/2022 13:00;blue;SL22BASE.INC.A.TEINTER;SL22BASE.INC.A.TEINTER;;;1021561.2;02/03/2022;82,6;;;;; 
Bal1;1021562.1;1021562;0;2;0;0;18/02/2022 08:00;18/02/2022 10:00;olive;SL22INC;SL22INC;;;1021562.0;;130,1;;;;;Balances
Qual1;1021562.2;1021562;0;1;0;0;18/02/2022 08:00;18/02/2022 09:00;pink;SL22INC;SL22INC;;;1021562.1;;130,1;;;;; 
Tab1;1021562.3;1021562;0;5;0;0;18/02/2022 08:00;18/02/2022 13:00;blue;SL22INC;SL22INC;;;1021562.2;15/03/2022;130,1;;;;; 
Bal1;1021564.1;1021564;0;2;0;0;23/02/2022 08:00;23/02/2022 10:00;olive;CU32RAL1015;CU32RAL1015;;;1021564.0;;2666;;;;;Balances
Qual1;1021564.2;1021564;0;1;0;0;23/02/2022 08:00;23/02/2022 09:00;pink;CU32RAL1015;CU32RAL1015;;;1021564.1;;2666;;;;; 
Tab1;1021564.3;1021564;0;5;0;0;23/02/2022 08:00;23/02/2022 13:00;black;CU32RAL1015;CU32RAL1015;;;1021564.2;;2666;;;;; 
Qual1;1021564.4;1021564;0;1;0;0;23/02/2022 08:00;23/02/2022 09:00;pink;CU32RAL1015;CU32RAL1015;;;1021564.3;;2666;;;;; 
Tab1;1021564.5;1021564;0;5;0;0;23/02/2022 08:00;23/02/2022 13:00;blue;CU32RAL1015;CU32RAL1015;;;1021564.4;13/03/2022;2666;;;;; 
Bal1;1021566.1;1021566;0;2;0;0;23/03/2022 08:00;23/03/2022 10:00;olive;CU32RAL1015;CU32RAL1015;;;1021566.0;;2250;;;;;Balances
Qual1;1021566.2;1021566;0;1;0;0;23/03/2022 08:00;23/03/2022 09:00;pink;CU32RAL1015;CU32RAL1015;;;1021566.1;;2250;;;;; 
Tab1;1021566.3;1021566;0;5;0;0;23/03/2022 08:00;23/03/2022 13:00;black;CU32RAL1015;CU32RAL1015;;;1021566.2;;2250;;;;; 
Qual1;1021566.4;1021566;0;1;0;0;23/03/2022 08:00;23/03/2022 09:00;pink;CU32RAL1015;CU32RAL1015;;;1021566.3;;2250;;;;; 
Tab1;1021566.5;1021566;0;5;0;0;23/03/2022 08:00;23/03/2022 13:00;blue;CU32RAL1015;CU32RAL1015;;;1021566.4;04/04/2022;2250;;;;; 
Bal1;1021567.1;1021567;0;2;0;0;21/02/2022 08:00;21/02/2022 10:00;olive;REW3;REW3;;;1021567.0;;1498,1;;;;;Balances
Qual1;1021567.2;1021567;0;1;0;0;21/02/2022 08:00;21/02/2022 09:00;pink;REW3;REW3;;;1021567.1;;1498,1;;;;; 
Tab1;1021567.3;1021567;0;5;0;0;21/02/2022 08:00;21/02/2022 13:00;blue;REW3;REW3;;;1021567.2;17/03/2022;1498,1;;;;; 
Bal1;1021569.1;1021569;0;2;0;0;21/02/2022 08:00;21/02/2022 10:00;olive;KR32BRUN.RGE.OXYDE.3009;KR32BRUN.RGE.OXYDE.3009;;;1021569.0;;2399,5;;;;;Balances
Disp1;1021569.2;1021569;0;3;0;0;21/02/2022 08:00;21/02/2022 11:00;violet;KR32BRUN.RGE.OXYDE.3009;KR32BRUN.RGE.OXYDE.3009;;;1021569.1;;2399,5;;;;;Disperseur
Disp1;1021569.3;1021569;0;3;0;0;21/02/2022 08:00;21/02/2022 11:00;violet;KR32BRUN.RGE.OXYDE.3009;KR32BRUN.RGE.OXYDE.3009;;;1021569.2;;2399,5;;;;;Disperseur
Mel1;1021569.4;1021569;0;10;0;0;21/02/2022 08:00;21/02/2022 18:00;lime;KR32BRUN.RGE.OXYDE.3009;KR32BRUN.RGE.OXYDE.3009;;;1021569.3;;2399,5;;;;; 
Qual1;1021569.5;1021569;0;1;0;0;21/02/2022 08:00;21/02/2022 09:00;pink;KR32BRUN.RGE.OXYDE.3009;KR32BRUN.RGE.OXYDE.3009;;;1021569.4;;2399,5;;;;; 
Tab1;1021569.6;1021569;0;5;0;0;21/02/2022 08:00;21/02/2022 13:00;black;KR32BRUN.RGE.OXYDE.3009;KR32BRUN.RGE.OXYDE.3009;;;1021569.5;;2399,5;;;;; 
Qual1;1021569.7;1021569;0;1;0;0;21/02/2022 08:00;21/02/2022 09:00;pink;KR32BRUN.RGE.OXYDE.3009;KR32BRUN.RGE.OXYDE.3009;;;1021569.6;;2399,5;;;;; 
Tab1;1021569.8;1021569;0;5;0;0;21/02/2022 08:00;21/02/2022 13:00;blue;KR32BRUN.RGE.OXYDE.3009;KR32BRUN.RGE.OXYDE.3009;;;1021569.7;19/03/2022;2399,5;;;;; 
Bal1;1021573.1;1021573;0;2;0;0;21/02/2022 08:00;21/02/2022 10:00;olive;SP100RAL9005/M;SP100RAL9005/M;;;1021573.0;;25,2;;;;;Balances
Qual1;1021573.2;1021573;0;1;0;0;21/02/2022 08:00;21/02/2022 09:00;pink;SP100RAL9005/M;SP100RAL9005/M;;;1021573.1;;25,2;;;;; 
Tab1;1021573.3;1021573;0;5;0;0;21/02/2022 08:00;21/02/2022 13:00;blue;SP100RAL9005/M;SP100RAL9005/M;;;1021573.2;15/03/2022;25,2;;;;; 
Bal1;1021574.1;1021574;0;2;0;0;21/02/2022 08:00;21/02/2022 10:00;olive;SR21RAL9005/B40;SR21RAL9005/B40;;;1021574.0;;33,5;;;;;Balances
Qual1;1021574.2;1021574;0;1;0;0;21/02/2022 08:00;21/02/2022 09:00;pink;SR21RAL9005/B40;SR21RAL9005/B40;;;1021574.1;;33,5;;;;; 
Tab1;1021574.3;1021574;0;5;0;0;21/02/2022 08:00;21/02/2022 13:00;blue;SR21RAL9005/B40;SR21RAL9005/B40;;;1021574.2;07/03/2022;33,5;;;;; 
Bal1;1021575.1;1021575;0;2;0;0;21/02/2022 08:00;21/02/2022 10:00;olive;DW21PANT.280.BLEU.PMS;DW21PANT.280.BLEU.PMS;;;1021575.0;;381,6;;;;;Balances
Qual1;1021575.2;1021575;0;1;0;0;21/02/2022 08:00;21/02/2022 09:00;pink;DW21PANT.280.BLEU.PMS;DW21PANT.280.BLEU.PMS;;;1021575.1;;381,6;;;;; 
Tab1;1021575.3;1021575;0;5;0;0;21/02/2022 08:00;21/02/2022 13:00;black;DW21PANT.280.BLEU.PMS;DW21PANT.280.BLEU.PMS;;;1021575.2;;381,6;;;;; 
Qual1;1021575.4;1021575;0;1;0;0;21/02/2022 08:00;21/02/2022 09:00;pink;DW21PANT.280.BLEU.PMS;DW21PANT.280.BLEU.PMS;;;1021575.3;;381,6;;;;; 
Tab1;1021575.5;1021575;0;5;0;0;21/02/2022 08:00;21/02/2022 13:00;blue;DW21PANT.280.BLEU.PMS;DW21PANT.280.BLEU.PMS;;;1021575.4;16/03/2022;381,6;;;;; 
Bal1;1021576.1;1021576;0;2;0;0;25/02/2022 08:00;25/02/2022 10:00;olive;DW21BLC;DW21BLC;;;1021576.0;;2400;;;;;Balances
Disp1;1021576.2;1021576;0;3;0;0;25/02/2022 08:00;25/02/2022 11:00;violet;DW21BLC;DW21BLC;;;1021576.1;;2400;;;;;Disperseur
Disp1;1021576.3;1021576;0;3;0;0;25/02/2022 08:00;25/02/2022 11:00;violet;DW21BLC;DW21BLC;;;1021576.2;;2400;;;;;Disperseur
Mel1;1021576.4;1021576;0;10;0;0;25/02/2022 08:00;25/02/2022 18:00;lime;DW21BLC;DW21BLC;;;1021576.3;;2400;;;;; 
Qual1;1021576.5;1021576;0;1;0;0;25/02/2022 08:00;25/02/2022 09:00;pink;DW21BLC;DW21BLC;;;1021576.4;;2400;;;;; 
Tab1;1021576.6;1021576;0;5;0;0;25/02/2022 08:00;25/02/2022 13:00;black;DW21BLC;DW21BLC;;;1021576.5;;2400;;;;; 
Qual1;1021576.7;1021576;0;1;0;0;25/02/2022 08:00;25/02/2022 09:00;pink;DW21BLC;DW21BLC;;;1021576.6;;2400;;;;; 
Tab1;1021576.8;1021576;0;5;0;0;25/02/2022 08:00;25/02/2022 13:00;blue;DW21BLC;DW21BLC;;;1021576.7;15/03/2022;2400;;;;; 
Bal1;1021578.1;1021578;0;2;0;0;21/02/2022 08:00;21/02/2022 10:00;olive;SR60RAL6009;SR60RAL6009;;;1021578.0;;330;;;;;Balances
Qual1;1021578.2;1021578;0;1;0;0;21/02/2022 08:00;21/02/2022 09:00;pink;SR60RAL6009;SR60RAL6009;;;1021578.1;;330;;;;; 
Tab1;1021578.3;1021578;0;5;0;0;21/02/2022 08:00;21/02/2022 13:00;black;SR60RAL6009;SR60RAL6009;;;1021578.2;;330;;;;; 
Qual1;1021578.4;1021578;0;1;0;0;21/02/2022 08:00;21/02/2022 09:00;pink;SR60RAL6009;SR60RAL6009;;;1021578.3;;330;;;;; 
Tab1;1021578.5;1021578;0;5;0;0;21/02/2022 08:00;21/02/2022 13:00;blue;SR60RAL6009;SR60RAL6009;;;1021578.4;19/03/2022;330;;;;; 
Bal1;1021579.1;1021579;0;2;0;0;21/02/2022 08:00;21/02/2022 10:00;olive;SR60RAL6009;SR60RAL6009;;;1021579.0;;330;;;;;Balances
Qual1;1021579.2;1021579;0;1;0;0;21/02/2022 08:00;21/02/2022 09:00;pink;SR60RAL6009;SR60RAL6009;;;1021579.1;;330;;;;; 
Tab1;1021579.3;1021579;0;5;0;0;21/02/2022 08:00;21/02/2022 13:00;black;SR60RAL6009;SR60RAL6009;;;1021579.2;;330;;;;; 
Qual1;1021579.4;1021579;0;1;0;0;21/02/2022 08:00;21/02/2022 09:00;pink;SR60RAL6009;SR60RAL6009;;;1021579.3;;330;;;;; 
Tab1;1021579.5;1021579;0;5;0;0;21/02/2022 08:00;21/02/2022 13:00;blue;SR60RAL6009;SR60RAL6009;;;1021579.4;20/03/2022;330;;;;; 
Bal1;1021580.1;1021580;0;2;0;0;21/02/2022 08:00;21/02/2022 10:00;olive;SR21RAL6009;SR21RAL6009;;;1021580.0;;223,25;;;;;Balances
Qual1;1021580.2;1021580;0;1;0;0;21/02/2022 08:00;21/02/2022 09:00;pink;SR21RAL6009;SR21RAL6009;;;1021580.1;;223,25;;;;; 
Tab1;1021580.3;1021580;0;5;0;0;21/02/2022 08:00;21/02/2022 13:00;blue;SR21RAL6009;SR21RAL6009;;;1021580.2;19/03/2022;223,25;;;;; 
Bal1;1021581.1;1021581;0;2;0;0;21/02/2022 08:00;21/02/2022 10:00;olive;LD86ALU.RAL9006/M.P;LD86ALU.RAL9006/M.P;;;1021581.0;;23,31;;;;;Balances
Qual1;1021581.2;1021581;0;1;0;0;21/02/2022 08:00;21/02/2022 09:00;pink;LD86ALU.RAL9006/M.P;LD86ALU.RAL9006/M.P;;;1021581.1;;23,31;;;;; 
Tab1;1021581.3;1021581;0;5;0;0;21/02/2022 08:00;21/02/2022 13:00;blue;LD86ALU.RAL9006/M.P;LD86ALU.RAL9006/M.P;;;1021581.2;16/03/2022;23,31;;;;; 
Bal1;1021582.1;1021582;0;2;0;0;24/02/2022 08:00;24/02/2022 10:00;olive;CV39SOUS-COUCHE.INT;CV39SOUS-COUCHE.INT;;;1021582.0;;2400;;;;;Balances
Qual1;1021582.2;1021582;0;1;0;0;24/02/2022 08:00;24/02/2022 09:00;pink;CV39SOUS-COUCHE.INT;CV39SOUS-COUCHE.INT;;;1021582.1;;2400;;;;; 
Disp1;1021582.3;1021582;0;3;0;0;24/02/2022 08:00;24/02/2022 11:00;violet;CV39SOUS-COUCHE.INT;CV39SOUS-COUCHE.INT;;;1021582.2;;2400;;;;;Disperseur
Mel1;1021582.4;1021582;0;10;0;0;24/02/2022 08:00;24/02/2022 18:00;lime;CV39SOUS-COUCHE.INT;CV39SOUS-COUCHE.INT;;;1021582.3;;2400;;;;; 
Qual1;1021582.5;1021582;0;1;0;0;24/02/2022 08:00;24/02/2022 09:00;pink;CV39SOUS-COUCHE.INT;CV39SOUS-COUCHE.INT;;;1021582.4;;2400;;;;; 
Tab1;1021582.6;1021582;0;5;0;0;24/02/2022 08:00;24/02/2022 13:00;black;CV39SOUS-COUCHE.INT;CV39SOUS-COUCHE.INT;;;1021582.5;;2400;;;;; 
Qual1;1021582.7;1021582;0;1;0;0;24/02/2022 08:00;24/02/2022 09:00;pink;CV39SOUS-COUCHE.INT;CV39SOUS-COUCHE.INT;;;1021582.6;;2400;;;;; 
Tab1;1021582.8;1021582;0;5;0;0;24/02/2022 08:00;24/02/2022 13:00;blue;CV39SOUS-COUCHE.INT;CV39SOUS-COUCHE.INT;;;1021582.7;23/03/2022;2400;;;;; 
Bal1;1021583.1;1021583;0;2;0;0;22/02/2022 08:00;22/02/2022 10:00;olive;PH700RAL9010;PH700RAL9010;;;1021583.0;;960;;;;;Balances
Qual1;1021583.2;1021583;0;1;0;0;22/02/2022 08:00;22/02/2022 09:00;pink;PH700RAL9010;PH700RAL9010;;;1021583.1;;960;;;;; 
Tab1;1021583.3;1021583;0;5;0;0;22/02/2022 08:00;22/02/2022 13:00;black;PH700RAL9010;PH700RAL9010;;;1021583.2;;960;;;;; 
Qual1;1021583.4;1021583;0;1;0;0;22/02/2022 08:00;22/02/2022 09:00;pink;PH700RAL9010;PH700RAL9010;;;1021583.3;;960;;;;; 
Tab1;1021583.5;1021583;0;5;0;0;22/02/2022 08:00;22/02/2022 13:00;blue;PH700RAL9010;PH700RAL9010;;;1021583.4;18/03/2022;960;;;;; 
Bal1;1021584.1;1021584;0;2;0;0;23/02/2022 08:00;23/02/2022 10:00;olive;HN23;HN23;;;1021584.0;;3400;;;;;Balances
Qual1;1021584.2;1021584;0;1;0;0;23/02/2022 08:00;23/02/2022 09:00;pink;HN23;HN23;;;1021584.1;;3400;;;;; 
Tab1;1021584.3;1021584;0;5;0;0;23/02/2022 08:00;23/02/2022 13:00;blue;HN23;HN23;;;1021584.2;08/03/2022;3400;;;;; 
Bal1;1021589.1;1021589;0;2;0;0;22/02/2022 08:00;22/02/2022 10:00;olive;AK210RALD230.20.20;AK210RALD230.20.20;;;1021589.0;;44,432;;;;;Balances
Qual1;1021589.2;1021589;0;1;0;0;22/02/2022 08:00;22/02/2022 09:00;pink;AK210RALD230.20.20;AK210RALD230.20.20;;;1021589.1;;44,432;;;;; 
Tab1;1021589.3;1021589;0;5;0;0;22/02/2022 08:00;22/02/2022 13:00;black;AK210RALD230.20.20;AK210RALD230.20.20;;;1021589.2;;44,432;;;;; 
Qual1;1021589.4;1021589;0;1;0;0;22/02/2022 08:00;22/02/2022 09:00;pink;AK210RALD230.20.20;AK210RALD230.20.20;;;1021589.3;;44,432;;;;; 
Tab1;1021589.5;1021589;0;5;0;0;22/02/2022 08:00;22/02/2022 13:00;blue;AK210RALD230.20.20;AK210RALD230.20.20;;;1021589.4;18/03/2022;44,432;;;;; 
Bal1;1021591.1;1021591;0;2;0;0;22/02/2022 08:00;22/02/2022 10:00;olive;SR60RAL3020B;SR60RAL3020B;;;1021591.0;;500;;;;;Balances
Qual1;1021591.2;1021591;0;1;0;0;22/02/2022 08:00;22/02/2022 09:00;pink;SR60RAL3020B;SR60RAL3020B;;;1021591.1;;500;;;;; 
Tab1;1021591.3;1021591;0;5;0;0;22/02/2022 08:00;22/02/2022 13:00;black;SR60RAL3020B;SR60RAL3020B;;;1021591.2;;500;;;;; 
Qual1;1021591.4;1021591;0;1;0;0;22/02/2022 08:00;22/02/2022 09:00;pink;SR60RAL3020B;SR60RAL3020B;;;1021591.3;;500;;;;; 
Tab1;1021591.5;1021591;0;5;0;0;22/02/2022 08:00;22/02/2022 13:00;blue;SR60RAL3020B;SR60RAL3020B;;;1021591.4;08/03/2022;500;;;;; 
Bal1;1021592.1;1021592;0;2;0;0;07/03/2022 08:00;07/03/2022 10:00;olive;KY38RAL7016;KY38RAL7016;;;1021592.0;;15000;;;;;Balances
Disp1;1021592.2;1021592;0;3;0;0;07/03/2022 08:00;07/03/2022 11:00;violet;KY38RAL7016;KY38RAL7016;;;1021592.1;;15000;;;;;Disperseur
Disp1;1021592.3;1021592;0;3;0;0;07/03/2022 08:00;07/03/2022 11:00;violet;KY38RAL7016;KY38RAL7016;;;1021592.2;;15000;;;;;Disperseur
Mel1;1021592.4;1021592;0;10;0;0;07/03/2022 08:00;07/03/2022 18:00;lime;KY38RAL7016;KY38RAL7016;;;1021592.3;;15000;;;;; 
Qual1;1021592.5;1021592;0;1;0;0;07/03/2022 08:00;07/03/2022 09:00;pink;KY38RAL7016;KY38RAL7016;;;1021592.4;;15000;;;;; 
Tab1;1021592.6;1021592;0;5;0;0;07/03/2022 08:00;07/03/2022 13:00;black;KY38RAL7016;KY38RAL7016;;;1021592.5;;15000;;;;; 
Qual1;1021592.7;1021592;0;1;0;0;07/03/2022 08:00;07/03/2022 09:00;pink;KY38RAL7016;KY38RAL7016;;;1021592.6;;15000;;;;; 
Tab1;1021592.8;1021592;0;5;0;0;07/03/2022 08:00;07/03/2022 13:00;blue;KY38RAL7016;KY38RAL7016;;;1021592.7;03/04/2022;15000;;;;; 
Bal1;1021594.1;1021594;0;2;0;0;22/02/2022 08:00;22/02/2022 10:00;olive;SP23RVI.9350.BLC.EKLA;SP23RVI.9350.BLC.EKLA;;;1021594.0;;71,76;;;;;Balances
Qual1;1021594.2;1021594;0;1;0;0;22/02/2022 08:00;22/02/2022 09:00;pink;SP23RVI.9350.BLC.EKLA;SP23RVI.9350.BLC.EKLA;;;1021594.1;;71,76;;;;; 
Tab1;1021594.3;1021594;0;5;0;0;22/02/2022 08:00;22/02/2022 13:00;blue;SP23RVI.9350.BLC.EKLA;SP23RVI.9350.BLC.EKLA;;;1021594.2;08/03/2022;71,76;;;;; 
Bal1;1021595.1;1021595;0;2;0;0;22/02/2022 08:00;22/02/2022 10:00;olive;SR21RVI.9350.BLC.EKLA;SR21RVI.9350.BLC.EKLA;;;1021595.0;;900,342;;;;;Balances
Qual1;1021595.2;1021595;0;1;0;0;22/02/2022 08:00;22/02/2022 09:00;pink;SR21RVI.9350.BLC.EKLA;SR21RVI.9350.BLC.EKLA;;;1021595.1;;900,342;;;;; 
Tab1;1021595.3;1021595;0;5;0;0;22/02/2022 08:00;22/02/2022 13:00;black;SR21RVI.9350.BLC.EKLA;SR21RVI.9350.BLC.EKLA;;;1021595.2;;900,342;;;;; 
Qual1;1021595.4;1021595;0;1;0;0;22/02/2022 08:00;22/02/2022 09:00;pink;SR21RVI.9350.BLC.EKLA;SR21RVI.9350.BLC.EKLA;;;1021595.3;;900,342;;;;; 
Tab1;1021595.5;1021595;0;5;0;0;22/02/2022 08:00;22/02/2022 13:00;blue;SR21RVI.9350.BLC.EKLA;SR21RVI.9350.BLC.EKLA;;;1021595.4;11/03/2022;900,342;;;;; 
Bal1;1021597.1;1021597;0;2;0;0;22/02/2022 08:00;22/02/2022 10:00;olive;SP23IC.334.BLC;SP23IC.334.BLC;;;1021597.0;;17,94;;;;;Balances
Qual1;1021597.2;1021597;0;1;0;0;22/02/2022 08:00;22/02/2022 09:00;pink;SP23IC.334.BLC;SP23IC.334.BLC;;;1021597.1;;17,94;;;;; 
Tab1;1021597.3;1021597;0;5;0;0;22/02/2022 08:00;22/02/2022 13:00;blue;SP23IC.334.BLC;SP23IC.334.BLC;;;1021597.2;17/03/2022;17,94;;;;; 
Bal1;1021598.1;1021598;0;2;0;0;23/02/2022 08:00;23/02/2022 10:00;olive;SR21IC.334.BLC;SR21IC.334.BLC;;;1021598.0;;350,789;;;;;Balances
Qual1;1021598.2;1021598;0;1;0;0;23/02/2022 08:00;23/02/2022 09:00;pink;SR21IC.334.BLC;SR21IC.334.BLC;;;1021598.1;;350,789;;;;; 
Tab1;1021598.3;1021598;0;5;0;0;23/02/2022 08:00;23/02/2022 13:00;black;SR21IC.334.BLC;SR21IC.334.BLC;;;1021598.2;;350,789;;;;; 
Qual1;1021598.4;1021598;0;1;0;0;23/02/2022 08:00;23/02/2022 09:00;pink;SR21IC.334.BLC;SR21IC.334.BLC;;;1021598.3;;350,789;;;;; 
Tab1;1021598.5;1021598;0;5;0;0;23/02/2022 08:00;23/02/2022 13:00;blue;SR21IC.334.BLC;SR21IC.334.BLC;;;1021598.4;11/03/2022;350,789;;;;; 
Bal1;1021600.1;1021600;0;2;0;0;22/02/2022 08:00;22/02/2022 10:00;olive;RES1;RES1;;;1021600.0;;55,86;;;;;Balances
Qual1;1021600.2;1021600;0;1;0;0;22/02/2022 08:00;22/02/2022 09:00;pink;RES1;RES1;;;1021600.1;;55,86;;;;; 
Tab1;1021600.3;1021600;0;5;0;0;22/02/2022 08:00;22/02/2022 13:00;blue;RES1;RES1;;;1021600.2;18/03/2022;55,86;;;;; 
Bal1;1021604.1;1021604;0;2;0;0;23/02/2022 08:00;23/02/2022 10:00;olive;AK200RAL2000;AK200RAL2000;;;1021604.0;;312,414;;;;;Balances
Qual1;1021604.2;1021604;0;1;0;0;23/02/2022 08:00;23/02/2022 09:00;pink;AK200RAL2000;AK200RAL2000;;;1021604.1;;312,414;;;;; 
Tab1;1021604.3;1021604;0;5;0;0;23/02/2022 08:00;23/02/2022 13:00;black;AK200RAL2000;AK200RAL2000;;;1021604.2;;312,414;;;;; 
Qual1;1021604.4;1021604;0;1;0;0;23/02/2022 08:00;23/02/2022 09:00;pink;AK200RAL2000;AK200RAL2000;;;1021604.3;;312,414;;;;; 
Tab1;1021604.5;1021604;0;5;0;0;23/02/2022 08:00;23/02/2022 13:00;blue;AK200RAL2000;AK200RAL2000;;;1021604.4;08/03/2022;312,414;;;;; 
Bal1;1021605.1;1021605;0;2;0;0;23/02/2022 08:00;23/02/2022 10:00;olive;SR60RAL2000;SR60RAL2000;;;1021605.0;;300;;;;;Balances
Qual1;1021605.2;1021605;0;1;0;0;23/02/2022 08:00;23/02/2022 09:00;pink;SR60RAL2000;SR60RAL2000;;;1021605.1;;300;;;;; 
Tab1;1021605.3;1021605;0;5;0;0;23/02/2022 08:00;23/02/2022 13:00;black;SR60RAL2000;SR60RAL2000;;;1021605.2;;300;;;;; 
Qual1;1021605.4;1021605;0;1;0;0;23/02/2022 08:00;23/02/2022 09:00;pink;SR60RAL2000;SR60RAL2000;;;1021605.3;;300;;;;; 
Tab1;1021605.5;1021605;0;5;0;0;23/02/2022 08:00;23/02/2022 13:00;blue;SR60RAL2000;SR60RAL2000;;;1021605.4;14/03/2022;300;;;;; 
Bal1;1021606.1;1021606;0;2;0;0;24/02/2022 08:00;24/02/2022 10:00;olive;SR60RAL5003;SR60RAL5003;;;1021606.0;;432;;;;;Balances
Qual1;1021606.2;1021606;0;1;0;0;24/02/2022 08:00;24/02/2022 09:00;pink;SR60RAL5003;SR60RAL5003;;;1021606.1;;432;;;;; 
Tab1;1021606.3;1021606;0;5;0;0;24/02/2022 08:00;24/02/2022 13:00;black;SR60RAL5003;SR60RAL5003;;;1021606.2;;432;;;;; 
Qual1;1021606.4;1021606;0;1;0;0;24/02/2022 08:00;24/02/2022 09:00;pink;SR60RAL5003;SR60RAL5003;;;1021606.3;;432;;;;; 
Tab1;1021606.5;1021606;0;5;0;0;24/02/2022 08:00;24/02/2022 13:00;blue;SR60RAL5003;SR60RAL5003;;;1021606.4;10/03/2022;432;;;;; 
Bal1;1021608.1;1021608;0;2;0;0;23/02/2022 08:00;23/02/2022 10:00;olive;KE62RAL1001;KE62RAL1001;;;1021608.0;;93,6;;;;;Balances
Qual1;1021608.2;1021608;0;1;0;0;23/02/2022 08:00;23/02/2022 09:00;pink;KE62RAL1001;KE62RAL1001;;;1021608.1;;93,6;;;;; 
Tab1;1021608.3;1021608;0;5;0;0;23/02/2022 08:00;23/02/2022 13:00;blue;KE62RAL1001;KE62RAL1001;;;1021608.2;07/03/2022;93,6;;;;; 
Bal1;1021609.1;1021609;0;2;0;0;23/02/2022 08:00;23/02/2022 10:00;olive;SP100RAL1033;SP100RAL1033;;;1021609.0;;25,2;;;;;Balances
Qual1;1021609.2;1021609;0;1;0;0;23/02/2022 08:00;23/02/2022 09:00;pink;SP100RAL1033;SP100RAL1033;;;1021609.1;;25,2;;;;; 
Tab1;1021609.3;1021609;0;5;0;0;23/02/2022 08:00;23/02/2022 13:00;blue;SP100RAL1033;SP100RAL1033;;;1021609.2;09/03/2022;25,2;;;;; 
Bal1;1021610.1;1021610;0;2;0;0;24/02/2022 08:00;24/02/2022 10:00;olive;SR60RAL6025;SR60RAL6025;;;1021610.0;;60;;;;;Balances
Qual1;1021610.2;1021610;0;1;0;0;24/02/2022 08:00;24/02/2022 09:00;pink;SR60RAL6025;SR60RAL6025;;;1021610.1;;60;;;;; 
Tab1;1021610.3;1021610;0;5;0;0;24/02/2022 08:00;24/02/2022 13:00;black;SR60RAL6025;SR60RAL6025;;;1021610.2;;60;;;;; 
Qual1;1021610.4;1021610;0;1;0;0;24/02/2022 08:00;24/02/2022 09:00;pink;SR60RAL6025;SR60RAL6025;;;1021610.3;;60;;;;; 
Tab1;1021610.5;1021610;0;5;0;0;24/02/2022 08:00;24/02/2022 13:00;blue;SR60RAL6025;SR60RAL6025;;;1021610.4;13/03/2022;60;;;;; 
Bal1;1021611.1;1021611;0;2;0;0;24/02/2022 08:00;24/02/2022 10:00;olive;SR21RAL6025;SR21RAL6025;;;1021611.0;;233,2;;;;;Balances
Qual1;1021611.2;1021611;0;1;0;0;24/02/2022 08:00;24/02/2022 09:00;pink;SR21RAL6025;SR21RAL6025;;;1021611.1;;233,2;;;;; 
Tab1;1021611.3;1021611;0;5;0;0;24/02/2022 08:00;24/02/2022 13:00;blue;SR21RAL6025;SR21RAL6025;;;1021611.2;11/03/2022;233,2;;;;; 
Bal1;1021614.1;1021614;0;2;0;0;24/02/2022 08:00;24/02/2022 10:00;olive;AK210RAL7012;AK210RAL7012;;;1021614.0;;22;;;;;Balances
Qual1;1021614.2;1021614;0;1;0;0;24/02/2022 08:00;24/02/2022 09:00;pink;AK210RAL7012;AK210RAL7012;;;1021614.1;;22;;;;; 
Tab1;1021614.3;1021614;0;5;0;0;24/02/2022 08:00;24/02/2022 13:00;black;AK210RAL7012;AK210RAL7012;;;1021614.2;;22;;;;; 
Qual1;1021614.4;1021614;0;1;0;0;24/02/2022 08:00;24/02/2022 09:00;pink;AK210RAL7012;AK210RAL7012;;;1021614.3;;22;;;;; 
Tab1;1021614.5;1021614;0;5;0;0;24/02/2022 08:00;24/02/2022 13:00;blue;AK210RAL7012;AK210RAL7012;;;1021614.4;07/03/2022;22;;;;; 
Bal1;1021616.1;1021616;0;2;0;0;24/02/2022 08:00;24/02/2022 10:00;olive;SR50RAL7045;SR50RAL7045;;;1021616.0;;510;;;;;Balances
Qual1;1021616.2;1021616;0;1;0;0;24/02/2022 08:00;24/02/2022 09:00;pink;SR50RAL7045;SR50RAL7045;;;1021616.1;;510;;;;; 
Tab1;1021616.3;1021616;0;5;0;0;24/02/2022 08:00;24/02/2022 13:00;black;SR50RAL7045;SR50RAL7045;;;1021616.2;;510;;;;; 
Qual1;1021616.4;1021616;0;1;0;0;24/02/2022 08:00;24/02/2022 09:00;pink;SR50RAL7045;SR50RAL7045;;;1021616.3;;510;;;;; 
Tab1;1021616.5;1021616;0;5;0;0;24/02/2022 08:00;24/02/2022 13:00;blue;SR50RAL7045;SR50RAL7045;;;1021616.4;15/03/2022;510;;;;; 
