COMPOSE;DocNum;COMPOSANT;QTE_T
KY38SCREB.RGE.BRUN;1020809;X6206;1863.000000
KY38SCREB.RGE.BRUN;1020809;X5706;234.000000
KY38SCREB.RGE.BRUN;1020809;X7202;669.606000
KY38SCREB.RGE.BRUN;1020809;X7106;607.622000
KY38SCREB.RGE.BRUN;1020809;X1301;70.477000
KY38SCREB.RGE.BRUN;1020809;X1303;42.316000
KY38SCREB.RGE.BRUN;1020809;X1527;106.684000
KY38SCREB.RGE.BRUN;1020809;X3308;881.335000
KY38SCREB.RGE.BRUN;1020809;X3006;7061.000000
KY38SCREB.RGE.BRUN;1020809;X6206;1601.601000
KY38SCREB.RGE.BRUN;1020809;X1314;74.649000
KY38SCREB.RGE.BRUN;1020809;Y8204/CC;84.632000
KY38SCREB.RGE.BRUN;1020809;S5500;30.694000
KY38SCREB.RGE.BRUN;1020809;S3500;59.898000
KY38SCREB.RGE.BRUN;1020809;X7202;620.000000
KY38SCREB.RGE.BRUN;1020809;SYR60RAL3020;100.000000
KY38SCREB.RGE.BRUN;1020809;X5705;25.000000
KY38SCREB.RGE.BRUN;1020809;X9999;675.000000
KY38SCREB.RGE.BRUN;1020809;S6500;3.200000
KY38SCREB.RGE.BRUN;1020809;S5500;27.200000
KY38SCREB.RGE.BRUN;1020809;S9000;12.000000
KY38SCREB.RGE.BRUN;1020809;X7202;340.000000
KR39RAL9010;1021029;X6304;782.628000
KR39RAL9010;1021029;X5706;85.470000
KR39RAL9010;1021029;X1301;21.882000
KR39RAL9010;1021029;X1303;14.742000
KR39RAL9010;1021029;X7202;424.410000
KR39RAL9010;1021029;X7203;57.204000
KR39RAL9010;1021029;X1527;16.842000
KR39RAL9010;1021029;X3103;421.386000
KR39RAL9010;1021029;X3006;1465.884000
KR39RAL9010;1021029;X3023;509.712000
KR39RAL9010;1021029;X1502;12.054000
KR39RAL9010;1021029;X6304;215.712000
KR39RAL9010;1021029;X1314;11.424000
KR39RAL9010;1021029;X1401;28.182000
KR39RAL9010;1021029;Y8204/CC;52.164000
KR39RAL9010;1021029;X7202;80.262000
KY38RAL8012;1021123;X6206;604.000000
KY38RAL8012;1021123;X5706;68.096000
KY38RAL8012;1021123;X7202;119.168000
KY38RAL8012;1021123;X7106;152.038000
KY38RAL8012;1021123;X1301;19.342000
KY38RAL8012;1021123;X1303;12.008000
KY38RAL8012;1021123;X1527;29.412000
KY38RAL8012;1021123;X3103;14.326000
KY38RAL8012;1021123;X3211;8.132000
KY38RAL8012;1021123;X3308;146.528000
KY38RAL8012;1021123;X3604;32.414000
KY38RAL8012;1021123;X3006;1986.000000
KY38RAL8012;1021123;X6206;303.734000
KY38RAL8012;1021123;X1314;19.342000
KY38RAL8012;1021123;Y8204/CC;21.660000
KY38RAL8012;1021123;X7202;94.810000
KY38RAL8012;1021123;X9999;170.000000
KY38RAL8012;1021123;S9000;17.200000
KY38RAL8012;1021123;S9005;9.360000
KY38RAL8012;1021123;S3500;27.800000
KY38RAL8012;1021123;X7202;65.000000
CW42BLC;1021319;X0000;79.344000
CW42BLC;1021319;X0000;529.032000
CW42BLC;1021319;X1322;11.904000
CW42BLC;1021319;X1606;6.192000
CW42BLC;1021319;X1604;2.856000
CW42BLC;1021319;X3103;393.072000
CW42BLC;1021319;X3024;108.456000
CW42BLC;1021319;X3006;393.072000
CW42BLC;1021319;X3007;393.600000
CW42BLC;1021319;X1519;8.568000
CW42BLC;1021319;X5903;404.712000
CW42BLC;1021319;X1323;3.600000
CW42BLC;1021319;X1604;2.160000
CW42BLC;1021319;X1349;0.480000
CW42BLC;1021319;X7602;35.976000
CW42BLC;1021319;DW21BLC;24.000000
CW42BLC;1021320;X0000;79.344000
CW42BLC;1021320;X0000;529.032000
CW42BLC;1021320;X1322;11.904000
CW42BLC;1021320;X1606;6.192000
CW42BLC;1021320;X1604;2.856000
CW42BLC;1021320;X3103;393.072000
CW42BLC;1021320;X3024;108.456000
CW42BLC;1021320;X3006;393.072000
CW42BLC;1021320;X3007;393.600000
CW42BLC;1021320;X1519;8.568000
CW42BLC;1021320;X5903;404.712000
CW42BLC;1021320;X1323;3.600000
CW42BLC;1021320;X1604;2.160000
CW42BLC;1021320;X1349;0.480000
CW42BLC;1021320;X7602;35.976000
CW42BLC;1021320;DW21BLC;24.000000
AK210RAL9016;1021346;SR21RAL9016;380.266000
AK210RAL9016;1021346;AK210BASE.ANTICO.NEUTRE;112.464000
AK210RAL9016;1021346;X5801;29.990000
AK210RAL9016;1021346;X1522;5.280000
AK210RAL9016;1021346;X1522;11.000000
FY32RAL9005;1021369;X90009;701.917000
FY32RAL9005;1021369;X5706;106.780000
FY32RAL9005;1021369;X7101;106.780000
FY32RAL9005;1021369;X1336;13.205000
FY32RAL9005;1021369;X1527;7.999000
FY32RAL9005;1021369;X3600;66.994000
FY32RAL9005;1021369;X3806;25.992000
FY32RAL9005;1021369;X3023;325.964000
FY32RAL9005;1021369;X3024;171.380000
FY32RAL9005;1021369;X1504;11.191000
FY32RAL9005;1021369;X7101;31.996000
FY32RAL9005;1021369;X1502;2.603000
FY32RAL9005;1021369;X6501;155.192000
FY32RAL9005;1021369;X1297;21.793000
FY32RAL9005;1021369;X1202;6.992000
FY32RAL9005;1021369;X1209;12.198000
FY32RAL9005;1021369;X1204;2.394000
FY32RAL9005;1021369;Y8137;38.589000
FY32RAL9005;1021369;X7101;79.990000
FY32RAL9005;1021369;X7101;9.994000
KY38BRUN.RGE.OXYDE.3009;1021392;X6206;2069.000000
KY38BRUN.RGE.OXYDE.3009;1021392;X5706;253.119000
KY38BRUN.RGE.OXYDE.3009;1021392;X7202;838.587000
KY38BRUN.RGE.OXYDE.3009;1021392;X7106;390.312000
KY38BRUN.RGE.OXYDE.3009;1021392;X1301;76.172000
KY38BRUN.RGE.OXYDE.3009;1021392;X1303;44.202000
KY38BRUN.RGE.OXYDE.3009;1021392;X1527;108.281000
KY38BRUN.RGE.OXYDE.3009;1021392;X3308;311.082000
KY38BRUN.RGE.OXYDE.3009;1021392;X3604;38.086000
KY38BRUN.RGE.OXYDE.3009;1021392;X3318;440.630000
KY38BRUN.RGE.OXYDE.3009;1021392;X3006;7091.000000
KY38BRUN.RGE.OXYDE.3009;1021392;X6206;1242.660000
KY38BRUN.RGE.OXYDE.3009;1021392;X1314;71.724000
KY38BRUN.RGE.OXYDE.3009;1021392;Y8204/CC;85.346000
KY38BRUN.RGE.OXYDE.3009;1021392;X7202;164.715000
KY38BRUN.RGE.OXYDE.3009;1021392;KY39BRUN.RGE.OXYDE.3009.EURO;1080.000000
KY38BRUN.RGE.OXYDE.3009;1021392;X9999;675.000000
KY38BRUN.RGE.OXYDE.3009;1021392;X7202;435.000000
SR21BRAL3020.B;1021418;X6303;925.000000
SR21BRAL3020.B;1021418;X1301;7.192000
SR21BRAL3020.B;1021418;X1336;14.384000
SR21BRAL3020.B;1021418;X1527;7.192000
SR21BRAL3020.B;1021418;X3411;42.289000
SR21BRAL3020.B;1021418;X3213;49.687000
SR21BRAL3020.B;1021418;X3020;76.108000
SR21BRAL3020.B;1021418;X7202;128.500000
SR21BRAL3020.B;1021418;X6303;273.806000
SR21BRAL3020.B;1021418;X1314;6.028000
SR21BRAL3020.B;1021418;Y8204/CC;17.652000
SR21BRAL3020.B;1021418;X7202;157.512000
SR21BRAL3020.B;1021418;S3500;2.009000
SR21BRAL3020.B;1021418;S6500;0.319000
SR21BRAL3020.B;1021418;X7202;170.206000
KY38RAL7040;1021437;X6206;1535.475000
KY38RAL7040;1021437;X5706;135.150000
KY38RAL7040;1021437;X7202;406.125000
KY38RAL7040;1021437;X7106;209.550000
KY38RAL7040;1021437;X1301;38.400000
KY38RAL7040;1021437;X1303;23.775000
KY38RAL7040;1021437;X1527;58.350000
KY38RAL7040;1021437;X3103;424.575000
KY38RAL7040;1021437;X3604;5.000000
KY38RAL7040;1021437;X3211;6.900000
KY38RAL7040;1021437;X3023;912.825000
KY38RAL7040;1021437;X3006;2891.250000
KY38RAL7040;1021437;X6206;602.625000
KY38RAL7040;1021437;X1314;46.050000
KY38RAL7040;1021437;Y8204/CC;42.975000
KY38RAL7040;1021437;S9005;0.001000
KY38RAL7040;1021437;S5500;7.125000
KY38RAL7040;1021437;S3500;3.750000
KY38RAL7040;1021437;X7202;140.475000
KY38RAL7040;1021437;S3500;0.525000
KY38RAL7040;1021437;S1502;0.240000
KY38RAL7040;1021437;S9005;0.140000
KY38RAL7040;1021437;X7202;200.000000
FY32BASE.TEINTE.INC/B30;1021443;X90009;527.328000
FY32BASE.TEINTE.INC/B30;1021443;X1336;14.346000
FY32BASE.TEINTE.INC/B30;1021443;X7109;16.146000
FY32BASE.TEINTE.INC/B30;1021443;X1527;22.428000
FY32BASE.TEINTE.INC/B30;1021443;X3806;28.350000
FY32BASE.TEINTE.INC/B30;1021443;X3006;182.826000
FY32BASE.TEINTE.INC/B30;1021443;X3024;122.724000
FY32BASE.TEINTE.INC/B30;1021443;X7101;65.124000
FY32BASE.TEINTE.INC/B30;1021443;X1504;4.482000
FY32BASE.TEINTE.INC/B30;1021443;X1507;8.604000
FY32BASE.TEINTE.INC/B30;1021443;X90009;349.344000
FY32BASE.TEINTE.INC/B30;1021443;X6501;169.380000
FY32BASE.TEINTE.INC/B30;1021443;X1297;25.830000
FY32BASE.TEINTE.INC/B30;1021443;X7101;88.272000
FY32BASE.TEINTE.INC/B30;1021443;X1202;8.964000
FY32BASE.TEINTE.INC/B30;1021443;X1209;14.526000
FY32BASE.TEINTE.INC/B30;1021443;X1204;4.842000
FY32BASE.TEINTE.INC/B30;1021443;X7202;14.706000
FY32BASE.TEINTE.INC/B30;1021443;X7101;65.844000
FY32BASE.TEINTE.INC/B30;1021443;X7101;65.844000
KR39RAL7012;1021450;X6304;736.840000
KR39RAL7012;1021450;X5706;85.560000
KR39RAL7012;1021450;X1301;20.480000
KR39RAL7012;1021450;X1303;14.320000
KR39RAL7012;1021450;X7202;343.880000
KR39RAL7012;1021450;X7203;56.920000
KR39RAL7012;1021450;X1527;11.480000
KR39RAL7012;1021450;X3103;65.480000
KR39RAL7012;1021450;X3211;5.240000
KR39RAL7012;1021450;X3604;31.120000
KR39RAL7012;1021450;X3006;2297.000000
KR39RAL7012;1021450;X1502;8.600000
KR39RAL7012;1021450;X6304;118.720000
KR39RAL7012;1021450;X1401;28.640000
KR39RAL7012;1021450;Y8204/CC;49.520000
KR39RAL7012;1021450;X1314;20.480000
KR39RAL7012;1021450;S5500;2.840000
KR39RAL7012;1021450;S3500;1.080000
KR39RAL7012;1021450;X7202;53.200000
KR39RAL7012;1021450;X7202;49.120000
KR39RAL7012;1021450;KR39RAL5017;14.000000
KR39RAL7012;1021450;X9999;35.000000
KY38BRUN.RGE.OXYDE.3009/B30;1021454;KY38BRUN.RGE.OXYDE.3009;1769.977000
KY38BRUN.RGE.OXYDE.3009/B30;1021454;X90009;215.160000
KY38BRUN.RGE.OXYDE.3009/B30;1021454;Y8204/CC;6.960000
KY38BRUN.RGE.OXYDE.3009/B30;1021454;X1314;3.451000
KY38BRUN.RGE.OXYDE.3009/B30;1021454;X5706;19.000000
KY38BRUN.RGE.OXYDE.3009/B30;1021454;X7202;12.700000
KY38BRUN.RGE.OXYDE.3009/B30;1021454;G400BASE.426.INC;300.000000
KY38RAL7016;1021456;X6206;1979.000000
KY38RAL7016;1021456;X5706;237.000000
KY38RAL7016;1021456;X7202;733.700000
KY38RAL7016;1021456;X7106;416.730000
KY38RAL7016;1021456;X1301;74.385000
KY38RAL7016;1021456;X1303;46.110000
KY38RAL7016;1021456;X1527;113.100000
KY38RAL7016;1021456;X3103;129.485000
KY38RAL7016;1021456;X3604;242.585000
KY38RAL7016;1021456;X3006;7797.000000
KY38RAL7016;1021456;X6206;1465.805000
KY38RAL7016;1021456;X1314;89.320000
KY38RAL7016;1021456;Y8204/CC;83.375000
KY38RAL7016;1021456;X7202;111.650000
KY38RAL7016;1021456;S5502;22.330000
KY38RAL7016;1021456;X7202;235.190000
KY38RAL7016;1021456;FY32RAL7016;200.000000
KY38RAL7016;1021456;X9999;250.000000
KY38RAL7016;1021456;G400RAL9004;25.000000
KY38RAL7016;1021456;G400RAL7012;10.000000
KY38RAL7016;1021456;G400RAL7047;5.000000
KY38RAL7016;1021456;X9999;700.000000
KY38RAL7016;1021456;X5705;25.000000
KY38RAL7016;1021456;S9005;14.000000
KY38RAL7016;1021456;S6500;24.000000
KY38RAL7016;1021456;S5502;36.000000
KY38RAL7016;1021456;G400BASE.426.INC;550.000000
KY38RAL7016;1021456;X7202;345.000000
CW42BLC;1021464;X0000;79.608000
CW42BLC;1021464;X0000;530.795000
CW42BLC;1021464;X1322;11.944000
CW42BLC;1021464;X1606;6.213000
CW42BLC;1021464;X1604;2.866000
CW42BLC;1021464;X3103;394.382000
CW42BLC;1021464;X3024;108.818000
CW42BLC;1021464;X3006;394.382000
CW42BLC;1021464;X3007;394.912000
CW42BLC;1021464;X1519;8.597000
CW42BLC;1021464;X5903;406.061000
CW42BLC;1021464;X1323;3.612000
CW42BLC;1021464;X1604;2.167000
CW42BLC;1021464;X1349;0.482000
CW42BLC;1021464;X7602;36.096000
CW42BLC;1021464;DW21BLC;24.000000
DW21INC;1021469;X5903;1024.594000
DW21INC;1021469;X0000;96.311000
DW21INC;1021469;X1328;9.728000
DW21INC;1021469;X1604;9.728000
DW21INC;1021469;X1349;2.147000
DW21INC;1021469;X5903;620.901000
DW21INC;1021469;X0000;55.328000
DW21INC;1021469;X7602;13.528000
DW21INC;1021469;X7605;38.722000
DW21INC;1021469;X7607;28.994000
KY38RAL7012;1021486;X6206;2715.800000
KY38RAL7012;1021486;X5706;242.000000
KY38RAL7012;1021486;X7202;668.368000
KY38RAL7012;1021486;X7106;558.256000
KY38RAL7012;1021486;X1301;75.480000
KY38RAL7012;1021486;X1303;46.768000
KY38RAL7012;1021486;X1527;114.700000
KY38RAL7012;1021486;X3103;233.840000
KY38RAL7012;1021486;X3604;117.660000
KY38RAL7012;1021486;X3211;17.464000
KY38RAL7012;1021486;X3023;1893.512000
KY38RAL7012;1021486;X3006;5998.884000
KY38RAL7012;1021486;X6206;1486.216000
KY38RAL7012;1021486;X1314;90.576000
KY38RAL7012;1021486;Y8204/CC;92.056000
KY38RAL7012;1021486;S5500;10.508000
KY38RAL7012;1021486;S3500;0.888000
KY38RAL7012;1021486;X7202;171.976000
KY38RAL7012;1021486;X7202;100.000000
KY38RAL7012;1021486;FY32RAL7016;55.000000
KY38RAL7012;1021486;G400RAL7046;150.000000
KY38RAL7012;1021486;X5705;25.000000
KY38RAL7012;1021486;S9005;30.000000
KY38RAL7012;1021486;S1502;2.000000
KY38RAL7012;1021486;S6500;7.600000
KY38RAL7012;1021486;G400BASE.426.INC;230.000000
KY38RAL7012;1021486;X7202;30.000000
SP23RAL7016;1021487;SR21RAL7016;393.120000
SR21RAL7021;1021501;DEPOTAGE;51.000000
KY38RAL7037;1021502;DEPOTAGE;1350.000000
SP23RAL7046;1021503;SR21RAL7046;84.750000
SP23RAL5011;1021504;SR21RAL5011;16.380000
KY38RAL9002;1021505;X6206;538.000000
KY38RAL9002;1021505;X5706;69.693000
KY38RAL9002;1021505;X7202;181.350000
KY38RAL9002;1021505;X7106;117.585000
KY38RAL9002;1021505;X1301;19.812000
KY38RAL9002;1021505;X1303;12.285000
KY38RAL9002;1021505;X1527;30.108000
KY38RAL9002;1021505;X3103;395.148000
KY38RAL9002;1021505;X3006;1790.000000
KY38RAL9002;1021505;X6206;387.231000
KY38RAL9002;1021505;X1314;19.812000
KY38RAL9002;1021505;Y8204/CC;22.191000
KY38RAL9002;1021505;X7202;39.585000
KY38RAL9002;1021505;S9005;1.404000
KY38RAL9002;1021505;S1504;1.404000
KY38RAL9002;1021505;X7202;100.581000
KY38RAL9002;1021505;X9999;175.000000
SR21RAL6011;1021506;DEPOTAGE;237.160000
KY38RAL7001;1021507;X6206;280.000000
KY38RAL7001;1021507;X5706;38.115000
KY38RAL7001;1021507;X7202;93.135000
KY38RAL7001;1021507;X7106;67.158000
KY38RAL7001;1021507;X1301;10.836000
KY38RAL7001;1021507;X1303;6.720000
KY38RAL7001;1021507;X1527;16.464000
KY38RAL7001;1021507;X3103;79.716000
KY38RAL7001;1021507;X3604;2.604000
KY38RAL7001;1021507;X3006;1120.000000
KY38RAL7001;1021507;X6206;213.360000
KY38RAL7001;1021507;X1314;12.999000
KY38RAL7001;1021507;Y8204/CC;12.138000
KY38RAL7001;1021507;X7202;20.139000
KY38RAL7001;1021507;S9005;2.163000
KY38RAL7001;1021507;S5500;1.176000
KY38RAL7001;1021507;S3500;0.315000
KY38RAL7001;1021507;X7202;21.651000
KY38RAL7001;1021507;X9999;0.010000
KY38RAL7001;1021507;X9999;110.000000
KY38RAL7001;1021507;S9005;1.870000
KY38RAL7001;1021507;S3500;0.070000
KY38RAL7001;1021507;S5500;1.180000
KY38RAL7001;1021507;S9000;15.000000
KY38RAL7001;1021507;S1507;0.150000
KY38RAL7001;1021507;S2505;0.440000
KY38RAL7001;1021507;G400BASE.426.INC;175.000000
KY38RAL7001;1021507;X7202;68.300000
DI109;1021511;X7402;745.200000
SR21BLC.9000;1021514;X6303;1028.000000
SR21BLC.9000;1021514;X1303;13.412000
SR21BLC.9000;1021514;X1301;13.412000
SR21BLC.9000;1021514;X1336;26.400000
SR21BLC.9000;1021514;X7202;177.013000
SR21BLC.9000;1021514;X1527;35.282000
SR21BLC.9000;1021514;X3103;924.984000
SR21BLC.9000;1021514;X1507;69.998000
SR21BLC.9000;1021514;X6303;787.995000
SR21BLC.9000;1021514;X1314;13.412000
SR21BLC.9000;1021514;Y8204/CC;32.982000
SR21BLC.9000;1021514;X7202;282.011000
SR21BLC.9000;1021514;X7202;133.981000
SR21BLC.9000;1021514;X7202;86.000000
HS100RAL9006;1021515;SP291BASE.INC;4.000000
HS100RAL9006;1021515;X3702;0.202000
HS100RAL9006;1021515;X7203;0.600000
HS100HONDA.ROUGE;1021516;SP291BASE.INC;6.375000
HS100HONDA.ROUGE;1021516;S3500;1.120000
HS100HONDA.ROUGE;1021516;S1502;0.112000
HS100HONDA.ROUGE;1021516;S8500;0.306000
HS100HONDA.ROUGE;1021516;S9000;0.086000
HS100HONDA.ROUGE;1021516;S3500;0.120000
HS100HONDA.ROUGE;1021516;S6500;0.010000
HS100HONDA.ROUGE;1021516;S9000;0.007000
HS100HONDA.ROUGE;1021516;S5500;0.001000
HS100HONDA.ROUGE;1021516;X7203;0.250000
AK210RAL5003;1021518;SR21RAL5003;15.844000
AK210RAL5003;1021518;AK210BASE.ANTICO.NEUTRE;4.686000
AK210RAL5003;1021518;X5801;1.250000
AK210RAL5003;1021518;X1522;0.220000
AK210RAL5003;1021518;X1522;0.400000
HN25;1021519;X7201;1092.000000
HN25;1021519;X7401;588.000000
SP23RAL1003;1021520;SR21RAL1003;137.592000
SR21RAL1003;1021521;DEPOTAGE;228.070000
DW22BLC;1021524;X0000;564.517000
DW22BLC;1021524;X1322;11.750000
DW22BLC;1021524;X1606;6.110000
DW22BLC;1021524;X1604;2.820000
DW22BLC;1021524;X3103;776.205000
DW22BLC;1021524;X3000;635.064000
DW22BLC;1021524;X1519;3.525000
DW22BLC;1021524;X5903;282.259000
DW22BLC;1021524;X1323;3.525000
DW22BLC;1021524;X1604;2.115000
DW22BLC;1021524;X7602;35.274000
DW22BLC;1021524;X0000;26.814000
SP23RAL3004;1021526;SR21RAL3004;196.560000
SR60RAL3004;1021527;SR21RAL3004;1296.000000
SR60RAL3004;1021527;KR.KR;864.000000
SR60RAL3004;1021527;X1522;21.600000
SP100RAL9005;1021531;DEPOTAGE;25.200000
AK210RAL8019;1021532;SR21RAL8019;15.844000
AK210RAL8019;1021532;AK210BASE.ANTICO.NEUTRE;4.686000
AK210RAL8019;1021532;X5801;1.250000
AK210RAL8019;1021532;X1522;0.220000
AK210RAL8019;1021532;X1522;0.660000
SR21RAL6005;1021533;DEPOTAGE;228.800000
SL32INC/S;1021535;CBN40;48.000000
SP23RAL7001;1021536;SR21RAL7001;260.832000
SP23RAL7001;1021537;SR21RAL7001;295.152000
KP40CREAT.VERT;1021538;KS40CREAT.VERT;30.000000
KS40CREAT.VERT;1021539;KS40BASE.NEUTRE;135.011000
KS40CREAT.VERT;1021539;S9000;1.534000
KS40CREAT.VERT;1021539;S1502;29.036000
KS40CREAT.VERT;1021539;S1504;6.030000
KS40CREAT.VERT;1021539;S9005;8.388000
KS40CREAT.VERT;1021539;S1502;3.600000
KS40CREAT.VERT;1021539;S3500;1.220000
KS40CREAT.VERT;1021539;S1504;11.800000
KS40CREAT.VERT;1021539;S9000;0.900000
KS40CREAT.VERT;1021539;KS40BASE.NEUTRE;24.000000
EY25;1021541;X7605;5.520000
SP23RAL6027;1021542;SR21RAL6027;51.480000
KR39RAL7043;1021543;DEPOTAGE;266.000000
SKS40MORGERE.ORANGE/B50;1021544;KS40BASE.NEUTRE;7.290000
SKS40MORGERE.ORANGE/B50;1021544;X5606;2.768000
SKS40MORGERE.ORANGE/B50;1021544;X7202;0.692000
SKS40MORGERE.ORANGE/B50;1021544;X1507;0.142000
SKS40MORGERE.ORANGE/B50;1021544;S9000;0.475000
SKS40MORGERE.ORANGE/B50;1021544;S1502;0.586000
SKS40MORGERE.ORANGE/B50;1021544;S1504;0.681000
SKS40MORGERE.ORANGE/B50;1021544;S2503;0.027000
SKS40MORGERE.ORANGE/B50;1021544;X5606;0.330000
SKS40MORGERE.ORANGE/B50;1021544;KS40BASE.NEUTRE;0.490000
SKS40MORGERE.ORANGE/B50;1021544;X7202;0.900000
KY38SCREB.RGE.BRUN;1021545;X6206;2575.390000
KY38SCREB.RGE.BRUN;1021545;X5706;263.088000
KY38SCREB.RGE.BRUN;1021545;X7202;679.493000
KY38SCREB.RGE.BRUN;1021545;X7106;616.594000
KY38SCREB.RGE.BRUN;1021545;X1301;71.518000
KY38SCREB.RGE.BRUN;1021545;X1303;42.941000
KY38SCREB.RGE.BRUN;1021545;X1527;108.259000
KY38SCREB.RGE.BRUN;1021545;X3308;894.348000
KY38SCREB.RGE.BRUN;1021545;X3023;1719.749000
KY38SCREB.RGE.BRUN;1021545;X3006;5445.468000
KY38SCREB.RGE.BRUN;1021545;X6206;1625.249000
KY38SCREB.RGE.BRUN;1021545;X1314;75.751000
KY38SCREB.RGE.BRUN;1021545;Y8204/CC;85.882000
KY38SCREB.RGE.BRUN;1021545;S5500;31.147000
KY38SCREB.RGE.BRUN;1021545;S3500;60.782000
KY38SCREB.RGE.BRUN;1021545;X7202;824.191000
AK210RAL7012;1021546;SR21RAL7012;15.844000
AK210RAL7012;1021546;AK210BASE.ANTICO.NEUTRE;4.686000
AK210RAL7012;1021546;X5801;1.250000
AK210RAL7012;1021546;X1522;0.220000
AK210RAL7012;1021546;X1522;0.660000
C9XC3BLC;1021548;X9999;75.000000
C9XC3BLC;1021548;X7202;3.150000
C9XC3BLC;1021548;X1533;0.375000
C9XC3BLC;1021548;X1301;0.225000
Y8204/CC;1021549;X1202;396.900000
Y8204/CC;1021549;X1209;1084.590000
Y8204/CC;1021549;X7202;1218.510000
KY38RAL9005;1021550;X6206;918.000000
KY38RAL9005;1021550;X5706;114.852000
KY38RAL9005;1021550;X7202;413.440000
KY38RAL9005;1021550;X7106;243.236000
KY38RAL9005;1021550;X1301;32.436000
KY38RAL9005;1021550;X1303;20.264000
KY38RAL9005;1021550;X1527;49.300000
KY38RAL9005;1021550;X3604;520.880000
KY38RAL9005;1021550;X3006;3457.000000
KY38RAL9005;1021550;X6206;576.300000
KY38RAL9005;1021550;X1314;32.436000
KY38RAL9005;1021550;Y8204/CC;37.808000
KY38RAL9005;1021550;X7202;64.872000
KY38RAL9005;1021550;X9999;320.000000
KY38RAL9005;1021550;KR36GRIS.CP.7016.NF8/AT;50.000000
KY38RAL9005;1021550;X9999;475.000000
KY38RAL9005;1021550;X7202;115.000000
KR39RAL9005/B30;1021552;KR39RAL9005;874.170000
KR39RAL9005/B30;1021552;SR21RAL9005;236.029000
KR39RAL9005/B30;1021552;SR21BASE.INC.BUKE;209.801000
KR39RAL9005/B30;1021552;SR21BASE.INC.BUKE.RECY;100.000000
CV45BLC;1021554;DEPOTAGE;24.150000
SR21RAL7033;1021558;DEPOTAGE;250.800000
SR21RAL7037;1021560;SR21BLC.9000;682.980000
SR21RAL7037;1021560;SR21BASE.INC.BUKE;269.290000
SR21RAL7037;1021560;S1502;17.000000
SR21RAL7037;1021560;S9005;29.200000
SR21RAL7037;1021560;S8500;1.530000
SL22BASE.INC.A.TEINTER;1021561;SL22INC;82.600000
SL22INC;1021562;X5514;130.100000
CU32RAL1015;1021564;CU32BLC.PISCINE;2651.097000
CU32RAL1015;1021564;S1502;13.863000
CU32RAL1015;1021564;S9005;0.240000
CU32RAL1015;1021564;S1503;0.800000
CU32RAL1015;1021566;CU32BLC.PISCINE;2237.423000
CU32RAL1015;1021566;S1502;11.700000
CU32RAL1015;1021566;S9005;0.203000
CU32RAL1015;1021566;S1503;0.675000
REW3;1021567;X5813;1197.282000
REW3;1021567;X0000;299.320000
REW3;1021567;X1606;1.498000
KR32BRUN.RGE.OXYDE.3009;1021569;X6304;406.235000
KR32BRUN.RGE.OXYDE.3009;1021569;X5706;44.823000
KR32BRUN.RGE.OXYDE.3009;1021569;X1301;22.075000
KR32BRUN.RGE.OXYDE.3009;1021569;X1303;11.038000
KR32BRUN.RGE.OXYDE.3009;1021569;X7202;242.853000
KR32BRUN.RGE.OXYDE.3009;1021569;X7203;29.802000
KR32BRUN.RGE.OXYDE.3009;1021569;X1527;8.830000
KR32BRUN.RGE.OXYDE.3009;1021569;X3308;47.918000
KR32BRUN.RGE.OXYDE.3009;1021569;X3604;5.951000
KR32BRUN.RGE.OXYDE.3009;1021569;X3318;68.002000
KR32BRUN.RGE.OXYDE.3009;1021569;X3006;1127.000000
KR32BRUN.RGE.OXYDE.3009;1021569;X1502;4.415000
KR32BRUN.RGE.OXYDE.3009;1021569;X6304;116.808000
KR32BRUN.RGE.OXYDE.3009;1021569;X1401;14.781000
KR32BRUN.RGE.OXYDE.3009;1021569;X1314;5.951000
KR32BRUN.RGE.OXYDE.3009;1021569;Y8204/CC;23.635000
KR32BRUN.RGE.OXYDE.3009;1021569;X7202;41.943000
KR32BRUN.RGE.OXYDE.3009;1021569;X1348;22.291000
KR32BRUN.RGE.OXYDE.3009;1021569;X6304;155.440000
KR32BRUN.RGE.OXYDE.3009;1021569;SR21BASE.INC.BUKE.RECY;50.000000
KR32BRUN.RGE.OXYDE.3009;1021569;X7202;190.000000
SP100RAL9005/M;1021573;DEPOTAGE;25.200000
SR21RAL9005/B40;1021574;DEPOTAGE;33.500000
DW21PANT.280.BLEU.PMS;1021575;DW21INC;324.677000
DW21PANT.280.BLEU.PMS;1021575;DW21BLC;23.236000
DW21PANT.280.BLEU.PMS;1021575;W5500;27.739000
DW21PANT.280.BLEU.PMS;1021575;W4500;5.800000
DW21PANT.280.BLEU.PMS;1021575;X1349;0.153000
DW21PANT.280.BLEU.PMS;1021575;W6500;0.195000
DW21PANT.280.BLEU.PMS;1021575;X1349;0.050000
DW21BLC;1021576;X0000;90.336000
DW21BLC;1021576;X0000;286.032000
DW21BLC;1021576;X1328;8.592000
DW21BLC;1021576;X1604;5.016000
DW21BLC;1021576;X1338;20.496000
DW21BLC;1021576;X3103;719.880000
DW21BLC;1021576;X3006;115.848000
DW21BLC;1021576;X5903;1085.040000
DW21BLC;1021576;X1349;2.376000
DW21BLC;1021576;X7605;34.080000
DW21BLC;1021576;X7602;11.928000
DW21BLC;1021576;X7607;19.080000
DW21BLC;1021576;X1349;1.320000
DW21BLC;1021576;X0000;60.000000
SR60RAL6009;1021578;SR21RAL6009;198.000000
SR60RAL6009;1021578;KR.KR;132.000000
SR60RAL6009;1021579;SR21RAL6009;198.000000
SR60RAL6009;1021579;KR.KR;132.000000
SR60RAL6009;1021579;X1522;4.000000
SR21RAL6009;1021580;DEPOTAGE;223.250000
LD86ALU.RAL9006/M.P;1021581;DEPOTAGE;23.310000
CV39SOUS-COUCHE.INT;1021582;X0000;547.416000
CV39SOUS-COUCHE.INT;1021582;X1322;3.696000
CV39SOUS-COUCHE.INT;1021582;X1604;6.384000
CV39SOUS-COUCHE.INT;1021582;CW42BLC;150.120000
CV39SOUS-COUCHE.INT;1021582;X3024;44.040000
CV39SOUS-COUCHE.INT;1021582;X3006;136.104000
CV39SOUS-COUCHE.INT;1021582;X3007;170.136000
CV39SOUS-COUCHE.INT;1021582;X3022;577.440000
CV39SOUS-COUCHE.INT;1021582;X3008;304.224000
CV39SOUS-COUCHE.INT;1021582;X1505;0.312000
CV39SOUS-COUCHE.INT;1021582;X1519;8.208000
CV39SOUS-COUCHE.INT;1021582;X5903;350.256000
CV39SOUS-COUCHE.INT;1021582;X7602;32.016000
CV39SOUS-COUCHE.INT;1021582;X6110;22.416000
CV39SOUS-COUCHE.INT;1021582;X0000;27.432000
CV39SOUS-COUCHE.INT;1021582;X1606;7.512000
CV39SOUS-COUCHE.INT;1021582;X7607;3.096000
CV39SOUS-COUCHE.INT;1021582;X1323;0.216000
CV39SOUS-COUCHE.INT;1021582;X1604;2.208000
CV39SOUS-COUCHE.INT;1021582;X1349;6.696000
CV39SOUS-COUCHE.INT;1021582;X9999;0.048000
CV39SOUS-COUCHE.INT;1021582;DW21BLC;50.000000
PH700RAL9010;1021583;X9999;900.000000
PH700RAL9010;1021583;X9999;1.800000
HN23;1021584;X7201;2720.000000
HN23;1021584;X7401;680.000000
AK210RALD230.20.20;1021589;SR21BASE.INC.BUKE;24.004000
AK210RALD230.20.20;1021589;S1510;0.769000
AK210RALD230.20.20;1021589;S5500;0.484000
AK210RALD230.20.20;1021589;S5502;4.790000
AK210RALD230.20.20;1021589;S6500;1.951000
AK210RALD230.20.20;1021589;AK210BASE.ANTICO.NEUTRE;9.465000
AK210RALD230.20.20;1021589;X5801;2.524000
AK210RALD230.20.20;1021589;X1522;0.444000
AK210RALD230.20.20;1021589;S1510;0.077000
AK210RALD230.20.20;1021589;S5500;0.048000
AK210RALD230.20.20;1021589;S5502;1.640000
AK210RALD230.20.20;1021589;S6500;0.820000
AK210RALD230.20.20;1021589;X1522;0.660000
SR60RAL3020B;1021591;X9999;500.000000
SR60RAL3020B;1021591;X7202;6.000000
KY38RAL7016;1021592;X6206;2678.585000
KY38RAL7016;1021592;X5706;237.000000
KY38RAL7016;1021592;X7202;733.700000
KY38RAL7016;1021592;X7106;416.730000
KY38RAL7016;1021592;X1301;74.385000
KY38RAL7016;1021592;X1303;46.110000
KY38RAL7016;1021592;X1527;113.100000
KY38RAL7016;1021592;X3103;129.485000
KY38RAL7016;1021592;X3604;242.585000
KY38RAL7016;1021592;X3006;5925.570000
KY38RAL7016;1021592;X3023;1870.500000
KY38RAL7016;1021592;X6206;1465.805000
KY38RAL7016;1021592;X1314;89.320000
KY38RAL7016;1021592;Y8204/CC;83.375000
KY38RAL7016;1021592;X7202;111.650000
KY38RAL7016;1021592;S5502;22.330000
KY38RAL7016;1021592;X7202;235.190000
KY38RAL7016;1021592;X5705;25.000000
KY38RAL7016;1021592;FY32RAL7016;205.000000
KY38RAL7016;1021592;X9999;250.000000
KY38RAL7016;1021592;G400RAL8017;24.000000
KY38RAL7016;1021592;G400RAL7004;1.000000
KY38RAL7016;1021592;G400RAL6020;5.000000
KY38RAL7016;1021592;G400RAL6017;1.000000
SP23RVI.9350.BLC.EKLA;1021594;SR21RVI.9350.BLC.EKLA;71.760000
SR21RVI.9350.BLC.EKLA;1021595;SR21BLC.9000;900.000000
SR21RVI.9350.BLC.EKLA;1021595;S1503;0.126000
SR21RVI.9350.BLC.EKLA;1021595;S9005;0.135000
SR21RVI.9350.BLC.EKLA;1021595;S4500;0.063000
SR21RVI.9350.BLC.EKLA;1021595;S3500;0.009000
SP23IC.334.BLC;1021597;DEPOTAGE;17.940000
SR21IC.334.BLC;1021598;SR21BLC.9000;350.000000
SR21IC.334.BLC;1021598;S1502;0.386000
SR21IC.334.BLC;1021598;S9005;0.098000
SR21IC.334.BLC;1021598;S1503;0.309000
SR21IC.334.BLC;1021598;S9005;0.070000
SR21IC.334.BLC;1021598;S1503;0.350000
SR21IC.334.BLC;1021598;S1502;0.125000
SR21IC.334.BLC;1021598;S2505;0.004000
SR21IC.334.BLC;1021598;X9999;1.000000
SR21IC.334.BLC;1021598;X7202;7.000000
RES1;1021600;DEPOTAGE;55.860000
AK200RAL2000;1021604;SR21RAL2000;225.000000
AK200RAL2000;1021604;AK210BASE.ANTICO.NEUTRE;66.544000
AK200RAL2000;1021604;X5801;17.745000
AK200RAL2000;1021604;X1522;3.124000
AK200RAL2000;1021604;X1522;6.000000
SR60RAL2000;1021605;SR21RAL2000;180.000000
SR60RAL2000;1021605;KR.KR;120.000000
SR60RAL2000;1021605;X1522;3.000000
SR60RAL5003;1021606;SR21RAL5003;223.200000
SR60RAL5003;1021606;KR.KR;148.800000
SR60RAL5003;1021606;X1522;4.000000
KE62RAL1001;1021608;DEPOTAGE;93.600000
SP100RAL1033;1021609;DEPOTAGE;25.200000
SR60RAL6025;1021610;SR21RAL6025;36.000000
SR60RAL6025;1021610;KR.KR;24.000000
SR60RAL6025;1021610;X1522;0.600000
SR21RAL6025;1021611;DEPOTAGE;233.200000
AK210RAL7012;1021614;SR21RAL7012;15.844000
AK210RAL7012;1021614;AK210BASE.ANTICO.NEUTRE;4.686000
AK210RAL7012;1021614;X5801;1.250000
AK210RAL7012;1021614;X1522;0.220000
AK210RAL7012;1021614;X1522;0.440000
SR50RAL7045;1021616;SR21RAL7045;255.000000
SR50RAL7045;1021616;KR.KR;255.000000
